Plan_ID,Provider,Plan_Name,Type,Monthly_Cost,Setup_Fee,Contract_Length_Months,Data_Limit_GB,Voice_Limit_Min,SMS_Limit,Roaming_Included,Speed_Mbps,Discount_Available_Percent,Created_At
PLAN000001,AT&T,AT&T Complete Bundle Plus,Bundle,107.31,29.99,12,,1000,,Yes,100,20,2016-10-21
PLAN000002,Verizon,Verizon Entertainment Pack,TV,13.39,0.0,12,,,,No,,10,2015-10-02
PLAN000003,Mint Mobile,Mint Mobile Fiber 1000Mbps,Internet,47.75,49.99,24,1000,,,Yes,1000,0,2016-08-12
PLAN000004,Xfinity,Xfinity Fiber 50Mbps,Internet,37.27,0.0,12,,,,Limited,50,5,2016-10-09
PLAN000005,Cox,Cox Complete Bundle Plus,Bundle,135.48,29.99,12,,1000,1000,Yes,500,10,2015-02-12
PLAN000006,Frontier,Frontier Unlimited,Mobile,61.39,29.99,0,10,500,1000,Yes,300,10,2018-04-07
PLAN000007,Google Fiber,Google Fiber 5G Unlimited,Mobile,110.01,29.99,24,50,1000,100,Yes,10,5,2023-12-22
PLAN000008,Cox,Cox Premium Channels,TV,61.84,9.99,12,,,,No,,5,2019-01-06
PLAN000009,AT&T,AT&T Premium Channels,TV,91.2,0.0,12,,,,No,,10,2023-07-22
PLAN000010,Mint Mobile,Mint Mobile Fiber 50Mbps,Internet,76.84,49.99,12,,,,No,50,0,2016-03-10
PLAN000011,Google Fiber,Google Fiber Fiber 500Mbps,Internet,136.79,0.0,24,500,,,Limited,500,10,2022-08-17
PLAN000012,UScellular,UScellular Sports Pack,TV,92.59,9.99,0,,,,No,,10,2023-05-29
PLAN000013,T-Mobile,T-Mobile 5G Plus,Mobile,83.7,0.0,12,,1000,,Yes,10,0,2018-04-08
PLAN000014,Verizon,Verizon Fiber 25Mbps,Internet,158.17,49.99,12,,,,Limited,25,10,2015-10-28
PLAN000015,UScellular,UScellular Fiber 1000Mbps,Internet,35.08,49.99,12,,,,No,1000,15,2019-12-12
PLAN000016,Mint Mobile,Mint Mobile Fiber 100Mbps,Internet,111.5,49.99,0,1000,,,Limited,100,15,2019-07-13
PLAN000017,Cox,Cox Family,Mobile,44.73,9.99,12,100,2000,1000,Limited,1000,5,2024-06-12
PLAN000018,Cox,Cox 5G Unlimited,Mobile,81.63,0.0,0,10,,1000,Yes,100,10,2022-07-17
PLAN000019,Verizon,Verizon Fiber 300Mbps,Internet,78.53,99.99,0,,,,No,300,20,2023-04-06
PLAN000020,Mint Mobile,Mint Mobile Family,Mobile,43.02,29.99,12,10,1000,1000,Limited,300,0,2023-01-21
PLAN000021,Frontier,Frontier Stream Bundle,TV,58.15,0.0,24,,,,No,,20,2018-10-26
PLAN000022,Google Fiber,Google Fiber Complete Bundle Pro,Bundle,52.97,0.0,24,500,,1000,Yes,100,5,2015-01-23
PLAN000023,Xfinity,Xfinity Complete Bundle Plus,Bundle,291.55,29.99,12,500,1000,1000,Limited,100,10,2018-01-03
PLAN000024,Xfinity,Xfinity Basic,Mobile,116.76,9.99,0,5,,500,No,1000,10,2021-08-18
PLAN000025,Google Fiber,Google Fiber Fiber 50Mbps,Internet,46.96,99.99,12,500,,,No,50,15,2015-02-09
PLAN000026,Cox,Cox Fiber 200Mbps,Internet,38.9,99.99,12,,,,Yes,200,0,2017-03-19
PLAN000027,Spectrum,Spectrum 5G Plus,Mobile,88.18,9.99,0,100,500,100,Limited,10,20,2017-03-13
PLAN000028,Spectrum,Spectrum Premium Channels,TV,92.46,0.0,24,,,,No,,10,2020-04-10
PLAN000029,Mint Mobile,Mint Mobile Fiber 50Mbps,Internet,78.36,19.99,24,500,,,No,50,0,2018-12-03
PLAN000030,Google Fiber,Google Fiber Entertainment Pack,TV,81.07,0.0,24,,,,No,,20,2018-10-26
PLAN000031,Verizon,Verizon Fiber 300Mbps,Internet,181.82,19.99,0,,,,Yes,300,20,2020-03-01
PLAN000032,Xfinity,Xfinity Complete Bundle Plus,Bundle,241.27,49.99,24,500,,1000,Yes,1000,5,2017-06-03
PLAN000033,UScellular,UScellular Unlimited,Mobile,111.4,0.0,24,,1000,1000,No,50,5,2018-09-15
PLAN000034,Xfinity,Xfinity Complete Bundle Plus,Bundle,66.56,99.99,24,500,,1000,Limited,300,0,2025-05-07
PLAN000035,Spectrum,Spectrum 5G Plus,Mobile,81.1,0.0,12,100,,100,Yes,50,15,2021-12-01
PLAN000036,Cox,Cox Stream Bundle,TV,90.81,19.99,24,,,,No,,15,2017-07-05
PLAN000037,Google Fiber,Google Fiber Stream Bundle,TV,47.07,0.0,0,,,,No,,0,2016-12-21
PLAN000038,T-Mobile,T-Mobile Entertainment Pack,TV,18.54,9.99,24,,,,No,,10,2022-12-23
PLAN000039,AT&T,AT&T Entertainment Pack,TV,55.72,0.0,12,,,,No,,20,2024-10-23
PLAN000040,T-Mobile,T-Mobile Complete Bundle Pro,Bundle,217.66,49.99,12,1000,,1000,Yes,500,20,2024-10-26
PLAN000041,Verizon,Verizon Unlimited,Mobile,62.48,9.99,24,5,,,No,300,15,2016-06-06
PLAN000042,UScellular,UScellular Fiber 50Mbps,Internet,154.33,0.0,0,,,,Yes,50,5,2019-09-21
PLAN000043,AT&T,AT&T Complete Bundle Pro,Bundle,245.93,29.99,12,,1000,,Limited,100,15,2025-08-11
PLAN000044,Spectrum,Spectrum Complete Bundle Pro,Bundle,77.35,29.99,24,1000,,,Limited,100,5,2015-10-24
PLAN000045,Spectrum,Spectrum Sports Pack,TV,49.69,9.99,12,,,,No,,10,2024-11-23
PLAN000046,Frontier,Frontier Fiber 100Mbps,Internet,52.6,19.99,0,,,,Yes,100,5,2022-11-19
PLAN000047,Google Fiber,Google Fiber 5G Plus,Mobile,87.12,29.99,0,10,2000,,Limited,1000,5,2016-10-01
PLAN000048,Mint Mobile,Mint Mobile Fiber 50Mbps,Internet,42.51,49.99,0,500,,,Yes,50,5,2021-07-06
PLAN000049,T-Mobile,T-Mobile 5G Plus,Mobile,131.11,29.99,12,10,500,100,Limited,100,0,2015-10-05
PLAN000050,Spectrum,Spectrum 5G Plus,Mobile,39.43,9.99,24,20,,1000,No,1000,0,2022-11-24
PLAN000051,Verizon,Verizon Family,Mobile,24.62,29.99,0,50,,500,Yes,50,10,2019-04-29
PLAN000052,T-Mobile,T-Mobile Premium Channels,TV,23.4,9.99,24,,,,No,,5,2025-08-16
PLAN000053,Google Fiber,Google Fiber Fiber 200Mbps,Internet,192.03,99.99,12,1000,,,Limited,200,5,2018-04-08
PLAN000054,Frontier,Frontier Fiber 50Mbps,Internet,190.45,0.0,12,,,,No,50,0,2023-09-27
PLAN000055,Xfinity,Xfinity 5G Unlimited,Mobile,16.67,29.99,0,,1000,1000,Yes,10,10,2023-02-07
PLAN000056,Spectrum,Spectrum Complete Bundle Pro,Bundle,298.58,49.99,12,,,,Limited,1000,5,2023-10-29
PLAN000057,Spectrum,Spectrum Complete Bundle Pro,Bundle,222.68,0.0,24,500,1000,,Limited,300,10,2022-05-16
PLAN000058,Verizon,Verizon Family,Mobile,36.82,0.0,24,,500,100,Limited,1000,20,2017-04-19
PLAN000059,Xfinity,Xfinity Fiber 1000Mbps,Internet,116.02,49.99,0,,,,No,1000,15,2023-07-22
PLAN000060,T-Mobile,T-Mobile Complete Bundle Plus,Bundle,64.3,29.99,24,500,1000,,Limited,300,5,2016-01-30
PLAN000061,AT&T,AT&T Entertainment Pack,TV,92.07,19.99,24,,,,No,,5,2016-11-25
PLAN000062,Xfinity,Xfinity Stream Bundle,TV,30.27,19.99,24,,,,No,,5,2021-09-28
PLAN000063,Spectrum,Spectrum Fiber 1000Mbps,Internet,46.23,99.99,0,500,,,Yes,1000,5,2025-08-17
PLAN000064,AT&T,AT&T Complete Bundle Plus,Bundle,214.8,99.99,24,500,,,Limited,100,20,2020-08-18
PLAN000065,Verizon,Verizon Complete Bundle Pro,Bundle,50.47,49.99,24,,,,Limited,500,0,2025-08-25
PLAN000066,Mint Mobile,Mint Mobile Fiber 50Mbps,Internet,57.07,99.99,24,1000,,,Limited,50,5,2017-01-19
PLAN000067,Spectrum,Spectrum Fiber 25Mbps,Internet,191.56,19.99,0,1000,,,Yes,25,15,2016-03-20
PLAN000068,Mint Mobile,Mint Mobile Fiber 25Mbps,Internet,39.51,0.0,12,,,,No,25,10,2025-08-09
PLAN000069,Spectrum,Spectrum Complete Bundle Basic,Bundle,112.08,49.99,12,500,1000,,Yes,500,15,2017-05-09
PLAN000070,Xfinity,Xfinity Sports Pack,TV,21.3,19.99,0,,,,No,,10,2017-04-22
PLAN000071,UScellular,UScellular Complete Bundle Basic,Bundle,110.99,0.0,24,500,,1000,Limited,1000,0,2017-02-01
PLAN000072,Xfinity,Xfinity Entertainment Pack,TV,65.55,9.99,24,,,,No,,0,2019-11-06
PLAN000073,UScellular,UScellular Fiber 1000Mbps,Internet,73.64,99.99,0,1000,,,Limited,1000,5,2015-06-21
PLAN000074,Mint Mobile,Mint Mobile Fiber 25Mbps,Internet,199.4,19.99,0,1000,,,No,25,5,2024-05-29
PLAN000075,Xfinity,Xfinity Fiber 1000Mbps,Internet,173.21,19.99,12,,,,Yes,1000,5,2019-01-05
PLAN000076,Cox,Cox Family,Mobile,33.32,29.99,24,10,1000,100,Yes,1000,10,2016-04-08
PLAN000077,AT&T,AT&T Fiber 300Mbps,Internet,82.05,0.0,12,,,,Limited,300,20,2016-01-09
PLAN000078,Spectrum,Spectrum Fiber 100Mbps,Internet,176.68,99.99,12,,,,Yes,100,20,2019-04-11
PLAN000079,Cox,Cox Fiber 50Mbps,Internet,140.05,49.99,0,,,,Limited,50,0,2016-03-21
PLAN000080,Cox,Cox 5G Plus,Mobile,15.12,0.0,24,100,2000,500,No,1000,10,2015-04-13
PLAN000081,Cox,Cox 5G Plus,Mobile,50.63,9.99,12,100,1000,1000,Limited,1000,20,2018-02-14
PLAN000082,Cox,Cox 5G Plus,Mobile,88.1,9.99,0,,,500,Limited,100,10,2020-04-02
PLAN000083,UScellular,UScellular 5G Unlimited,Mobile,117.34,9.99,12,,2000,100,Limited,10,15,2025-01-28
PLAN000084,Google Fiber,Google Fiber Premium Channels,TV,96.74,0.0,24,,,,No,,20,2024-10-10
PLAN000085,T-Mobile,T-Mobile Entertainment Pack,TV,12.96,9.99,12,,,,No,,0,2024-11-03
PLAN000086,Xfinity,Xfinity Fiber 100Mbps,Internet,73.51,49.99,0,,,,Limited,100,0,2019-05-09
PLAN000087,Mint Mobile,Mint Mobile Family,Mobile,102.47,9.99,24,,500,1000,Yes,10,10,2016-04-14
PLAN000088,AT&T,AT&T Premium Channels,TV,25.45,0.0,24,,,,No,,10,2021-06-13
PLAN000089,Verizon,Verizon Premium Channels,TV,17.41,0.0,0,,,,No,,15,2015-02-07
PLAN000090,Xfinity,Xfinity Family,Mobile,35.84,9.99,12,100,,,Limited,10,20,2020-10-08
PLAN000091,Spectrum,Spectrum Complete Bundle Plus,Bundle,267.5,49.99,24,500,1000,1000,Limited,300,20,2016-10-13
PLAN000092,Google Fiber,Google Fiber Fiber 100Mbps,Internet,39.98,19.99,24,,,,Limited,100,10,2021-09-26
PLAN000093,T-Mobile,T-Mobile Fiber 200Mbps,Internet,130.2,0.0,12,,,,Limited,200,15,2023-01-19
PLAN000094,Google Fiber,Google Fiber Complete Bundle Plus,Bundle,243.84,49.99,24,1000,1000,,Yes,1000,5,2024-01-15
PLAN000095,UScellular,UScellular Basic,Mobile,130.23,29.99,12,20,1000,500,Yes,10,0,2020-04-21
PLAN000096,UScellular,UScellular Entertainment Pack,TV,87.99,0.0,24,,,,No,,15,2019-06-12
PLAN000097,AT&T,AT&T Fiber 1000Mbps,Internet,173.92,19.99,12,1000,,,Limited,1000,10,2015-05-06
PLAN000098,Spectrum,Spectrum Unlimited,Mobile,137.16,9.99,0,5,500,,No,1000,20,2018-01-13
PLAN000099,Xfinity,Xfinity Stream Bundle,TV,83.15,19.99,0,,,,No,,20,2015-01-17
PLAN000100,Google Fiber,Google Fiber Sports Pack,TV,70.6,9.99,0,,,,No,,10,2020-03-26
PLAN000101,Frontier,Frontier Fiber 500Mbps,Internet,87.33,19.99,0,,,,Yes,500,5,2017-12-28
PLAN000102,UScellular,UScellular Basic,Mobile,25.39,29.99,0,100,2000,500,Yes,50,20,2025-08-08
PLAN000103,Google Fiber,Google Fiber Fiber 25Mbps,Internet,170.61,99.99,0,,,,Limited,25,5,2024-12-12
PLAN000104,Cox,Cox Premium Channels,TV,15.54,19.99,0,,,,No,,15,2024-06-30
PLAN000105,T-Mobile,T-Mobile Sports Pack,TV,86.79,19.99,12,,,,No,,20,2024-05-30
PLAN000106,Verizon,Verizon Complete Bundle Pro,Bundle,185.22,0.0,12,,,,Yes,1000,5,2018-09-23
PLAN000107,UScellular,UScellular 5G Plus,Mobile,128.1,29.99,12,5,1000,100,Yes,1000,5,2019-11-29
PLAN000108,T-Mobile,T-Mobile Fiber 50Mbps,Internet,180.26,99.99,24,500,,,Yes,50,10,2021-04-25
PLAN000109,Mint Mobile,Mint Mobile Fiber 100Mbps,Internet,180.44,99.99,24,500,,,Limited,100,15,2018-02-21
PLAN000110,Frontier,Frontier Basic,Mobile,117.94,0.0,12,10,,,No,10,10,2019-06-30
PLAN000111,Verizon,Verizon Complete Bundle Plus,Bundle,269.55,99.99,12,1000,,1000,Limited,1000,10,2024-02-20
PLAN000112,Frontier,Frontier Entertainment Pack,TV,30.01,0.0,24,,,,No,,5,2017-07-30
PLAN000113,T-Mobile,T-Mobile Basic,Mobile,32.81,9.99,24,100,1000,100,Yes,10,0,2023-03-12
PLAN000114,AT&T,AT&T Complete Bundle Pro,Bundle,134.75,99.99,24,,,1000,Limited,1000,15,2022-03-07
PLAN000115,AT&T,AT&T 5G Unlimited,Mobile,20.11,29.99,12,5,1000,100,No,100,10,2015-05-05
PLAN000116,Google Fiber,Google Fiber Fiber 500Mbps,Internet,103.5,19.99,0,,,,Yes,500,10,2025-05-30
PLAN000117,Frontier,Frontier Fiber 300Mbps,Internet,76.3,0.0,24,,,,Limited,300,10,2017-05-13
PLAN000118,Spectrum,Spectrum Fiber 1000Mbps,Internet,66.81,19.99,24,,,,Yes,1000,20,2024-01-27
PLAN000119,Google Fiber,Google Fiber Entertainment Pack,TV,40.16,19.99,12,,,,No,,10,2025-02-26
PLAN000120,Frontier,Frontier Sports Pack,TV,48.69,9.99,24,,,,No,,20,2022-04-23
PLAN000121,AT&T,AT&T 5G Plus,Mobile,21.23,29.99,24,10,1000,500,Limited,300,0,2016-12-29
PLAN000122,Cox,Cox Complete Bundle Pro,Bundle,111.48,29.99,24,500,1000,1000,Limited,1000,15,2024-10-10
PLAN000123,Cox,Cox Fiber 1000Mbps,Internet,132.55,19.99,12,,,,No,1000,20,2023-07-11
PLAN000124,Cox,Cox Fiber 200Mbps,Internet,88.58,99.99,12,,,,Limited,200,10,2015-10-31
PLAN000125,Frontier,Frontier Fiber 100Mbps,Internet,60.99,0.0,24,,,,Limited,100,15,2021-06-18
PLAN000126,Cox,Cox Fiber 300Mbps,Internet,194.21,99.99,24,1000,,,Yes,300,0,2020-06-26
PLAN000127,AT&T,AT&T Basic,Mobile,36.14,9.99,24,10,2000,,Limited,10,10,2025-09-05
PLAN000128,Google Fiber,Google Fiber Stream Bundle,TV,22.35,19.99,0,,,,No,,10,2016-09-26
PLAN000129,T-Mobile,T-Mobile Complete Bundle Pro,Bundle,100.22,49.99,24,1000,1000,1000,Yes,300,5,2022-08-12
PLAN000130,UScellular,UScellular Fiber 1000Mbps,Internet,73.66,19.99,0,500,,,Yes,1000,10,2022-06-20
PLAN000131,Verizon,Verizon Fiber 300Mbps,Internet,31.57,49.99,24,500,,,No,300,5,2018-07-13
PLAN000132,Frontier,Frontier Fiber 100Mbps,Internet,96.0,19.99,0,,,,Yes,100,20,2016-09-13
PLAN000133,Frontier,Frontier Family,Mobile,91.76,29.99,24,100,,500,Limited,300,15,2018-02-01
PLAN000134,Cox,Cox 5G Plus,Mobile,63.4,0.0,12,50,500,1000,No,100,20,2021-10-27
PLAN000135,Frontier,Frontier Premium Channels,TV,53.88,9.99,0,,,,No,,20,2023-05-24
PLAN000136,AT&T,AT&T 5G Unlimited,Mobile,64.49,29.99,24,5,2000,1000,Yes,1000,20,2019-02-19
PLAN000137,Xfinity,Xfinity Fiber 50Mbps,Internet,120.06,49.99,12,,,,No,50,20,2025-03-28
PLAN000138,Frontier,Frontier Complete Bundle Pro,Bundle,119.54,49.99,12,1000,1000,1000,Limited,100,10,2019-07-12
PLAN000139,T-Mobile,T-Mobile Fiber 50Mbps,Internet,55.81,49.99,24,,,,Limited,50,15,2018-09-09
PLAN000140,Mint Mobile,Mint Mobile Complete Bundle Pro,Bundle,100.73,49.99,12,500,1000,1000,Limited,300,15,2020-04-17
PLAN000141,Mint Mobile,Mint Mobile Unlimited,Mobile,44.24,9.99,24,20,500,100,Yes,300,10,2024-11-05
PLAN000142,Google Fiber,Google Fiber 5G Unlimited,Mobile,102.43,0.0,0,50,2000,100,Yes,1000,0,2020-07-16
PLAN000143,Cox,Cox Complete Bundle Basic,Bundle,270.53,29.99,24,1000,1000,1000,Yes,100,5,2019-08-06
PLAN000144,Xfinity,Xfinity Fiber 100Mbps,Internet,161.82,19.99,24,,,,No,100,20,2017-06-09
PLAN000145,Google Fiber,Google Fiber Entertainment Pack,TV,68.37,9.99,12,,,,No,,15,2017-01-08
PLAN000146,T-Mobile,T-Mobile Complete Bundle Basic,Bundle,288.37,29.99,24,500,,,Limited,1000,15,2016-02-26
PLAN000147,Mint Mobile,Mint Mobile Family,Mobile,113.83,0.0,24,5,1000,,Limited,10,20,2018-06-11
PLAN000148,Xfinity,Xfinity 5G Unlimited,Mobile,82.17,29.99,24,50,1000,,Limited,50,20,2015-01-28
PLAN000149,T-Mobile,T-Mobile Basic,Mobile,66.33,0.0,0,20,2000,1000,Limited,1000,15,2018-06-20
PLAN000150,Verizon,Verizon Stream Bundle,TV,44.15,9.99,12,,,,No,,20,2015-11-21
PLAN000151,Google Fiber,Google Fiber Premium Channels,TV,50.22,19.99,24,,,,No,,5,2025-04-22
PLAN000152,Frontier,Frontier Fiber 500Mbps,Internet,185.41,99.99,24,,,,Yes,500,5,2015-10-08
PLAN000153,Google Fiber,Google Fiber Family,Mobile,99.87,9.99,24,100,2000,,No,100,15,2016-06-13
PLAN000154,Verizon,Verizon Fiber 50Mbps,Internet,93.64,99.99,24,500,,,Limited,50,0,2023-09-21
PLAN000155,Frontier,Frontier Complete Bundle Pro,Bundle,297.79,49.99,12,500,,,Limited,100,20,2022-03-15
PLAN000156,Spectrum,Spectrum Fiber 500Mbps,Internet,130.52,0.0,0,,,,Yes,500,0,2015-09-18
PLAN000157,Spectrum,Spectrum Fiber 25Mbps,Internet,199.18,99.99,0,,,,Limited,25,0,2024-01-15
PLAN000158,Frontier,Frontier Sports Pack,TV,91.79,9.99,24,,,,No,,5,2024-04-18
PLAN000159,UScellular,UScellular Basic,Mobile,28.68,9.99,12,10,1000,100,Limited,1000,15,2018-11-22
PLAN000160,Xfinity,Xfinity Unlimited,Mobile,131.56,29.99,0,,2000,,No,100,20,2019-01-04
PLAN000161,Mint Mobile,Mint Mobile Complete Bundle Plus,Bundle,83.31,29.99,24,,,,Limited,500,15,2023-05-06
PLAN000162,T-Mobile,T-Mobile Fiber 25Mbps,Internet,111.21,0.0,0,,,,Limited,25,5,2017-07-04
PLAN000163,AT&T,AT&T Complete Bundle Plus,Bundle,85.42,0.0,24,500,1000,1000,Limited,500,5,2024-11-27
PLAN000164,Frontier,Frontier Basic,Mobile,122.0,9.99,0,20,500,100,Yes,10,0,2023-09-03
PLAN000165,Mint Mobile,Mint Mobile Entertainment Pack,TV,85.16,19.99,12,,,,No,,15,2025-06-28
PLAN000166,Frontier,Frontier Fiber 300Mbps,Internet,161.62,49.99,12,,,,Limited,300,10,2018-03-08
PLAN000167,Cox,Cox Basic,Mobile,121.06,29.99,0,5,1000,1000,No,10,0,2022-02-09
PLAN000168,Spectrum,Spectrum Complete Bundle Basic,Bundle,120.67,29.99,12,1000,,1000,Limited,100,0,2016-02-29
PLAN000169,Mint Mobile,Mint Mobile Fiber 200Mbps,Internet,101.14,99.99,12,,,,Limited,200,0,2018-10-19
PLAN000170,Cox,Cox Complete Bundle Pro,Bundle,74.31,49.99,12,1000,1000,1000,Yes,100,0,2020-08-05
PLAN000171,Cox,Cox Complete Bundle Pro,Bundle,55.08,29.99,24,1000,1000,,Yes,500,5,2020-06-18
PLAN000172,Frontier,Frontier Sports Pack,TV,93.42,19.99,12,,,,No,,10,2019-01-05
PLAN000173,AT&T,AT&T Complete Bundle Pro,Bundle,118.87,29.99,24,,,,Limited,1000,15,2015-01-11
PLAN000174,Google Fiber,Google Fiber Entertainment Pack,TV,83.25,9.99,12,,,,No,,10,2025-07-04
PLAN000175,Spectrum,Spectrum Complete Bundle Pro,Bundle,204.78,29.99,12,,,1000,Yes,300,10,2020-01-12
PLAN000176,Mint Mobile,Mint Mobile Fiber 25Mbps,Internet,92.86,49.99,12,,,,Limited,25,0,2022-06-20
PLAN000177,UScellular,UScellular Sports Pack,TV,55.79,0.0,0,,,,No,,0,2019-06-04
PLAN000178,Google Fiber,Google Fiber Stream Bundle,TV,17.35,19.99,12,,,,No,,5,2024-10-31
PLAN000179,Spectrum,Spectrum 5G Plus,Mobile,94.05,9.99,24,10,500,100,Yes,50,0,2025-07-18
PLAN000180,Cox,Cox 5G Unlimited,Mobile,73.63,0.0,24,100,2000,,No,10,20,2020-07-15
PLAN000181,T-Mobile,T-Mobile Complete Bundle Plus,Bundle,73.93,49.99,24,1000,,,Limited,300,15,2016-09-13
PLAN000182,UScellular,UScellular Fiber 25Mbps,Internet,148.38,49.99,12,1000,,,Limited,25,20,2020-04-06
PLAN000183,Xfinity,Xfinity Family,Mobile,87.32,29.99,0,100,2000,1000,Limited,100,15,2019-04-01
PLAN000184,Spectrum,Spectrum Stream Bundle,TV,75.4,9.99,24,,,,No,,0,2021-04-17
PLAN000185,Verizon,Verizon Sports Pack,TV,39.66,9.99,0,,,,No,,0,2018-06-18
PLAN000186,Cox,Cox Basic,Mobile,121.04,9.99,0,100,500,,No,50,5,2019-02-19
PLAN000187,Xfinity,Xfinity Fiber 25Mbps,Internet,162.97,19.99,0,,,,Limited,25,20,2016-12-07
PLAN000188,Xfinity,Xfinity Stream Bundle,TV,26.06,19.99,24,,,,No,,5,2019-04-05
PLAN000189,Verizon,Verizon Fiber 1000Mbps,Internet,169.4,99.99,0,1000,,,No,1000,5,2022-06-03
PLAN000190,Verizon,Verizon Complete Bundle Basic,Bundle,146.54,49.99,12,500,,1000,Limited,300,15,2016-04-04
PLAN000191,Cox,Cox Complete Bundle Basic,Bundle,264.08,99.99,12,,1000,1000,Limited,300,0,2020-11-28
PLAN000192,UScellular,UScellular Complete Bundle Plus,Bundle,237.44,49.99,12,1000,,,Limited,1000,15,2015-06-26
PLAN000193,Mint Mobile,Mint Mobile Sports Pack,TV,83.64,0.0,12,,,,No,,5,2015-07-06
PLAN000194,Frontier,Frontier Fiber 300Mbps,Internet,171.12,49.99,24,,,,Limited,300,5,2023-11-21
PLAN000195,UScellular,UScellular Stream Bundle,TV,90.76,19.99,0,,,,No,,0,2022-11-23
PLAN000196,T-Mobile,T-Mobile 5G Plus,Mobile,63.68,0.0,0,10,1000,100,Limited,50,5,2021-07-23
PLAN000197,T-Mobile,T-Mobile Complete Bundle Pro,Bundle,126.37,99.99,24,1000,,,Limited,1000,15,2022-12-06
PLAN000198,UScellular,UScellular Fiber 200Mbps,Internet,192.11,19.99,12,,,,Yes,200,5,2016-12-03
PLAN000199,Frontier,Frontier Sports Pack,TV,44.83,0.0,0,,,,No,,10,2024-12-26
PLAN000200,Cox,Cox 5G Plus,Mobile,27.01,29.99,12,20,2000,1000,Limited,50,0,2021-04-01
PLAN000201,AT&T,AT&T Entertainment Pack,TV,76.32,9.99,0,,,,No,,5,2020-11-13
PLAN000202,Verizon,Verizon Complete Bundle Plus,Bundle,140.61,0.0,24,1000,1000,,Yes,100,10,2017-11-27
PLAN000203,Mint Mobile,Mint Mobile Fiber 1000Mbps,Internet,52.96,99.99,12,,,,Limited,1000,10,2019-03-08
PLAN000204,Xfinity,Xfinity Complete Bundle Plus,Bundle,225.09,0.0,24,,1000,1000,Limited,300,0,2020-07-02
PLAN000205,Google Fiber,Google Fiber Unlimited,Mobile,28.06,29.99,12,,2000,,Yes,300,20,2025-04-27
PLAN000206,Cox,Cox 5G Plus,Mobile,112.69,29.99,12,10,,100,Yes,1000,10,2023-10-04
PLAN000207,Mint Mobile,Mint Mobile Premium Channels,TV,30.71,9.99,24,,,,No,,5,2015-09-13
PLAN000208,Xfinity,Xfinity Complete Bundle Pro,Bundle,205.84,29.99,24,,1000,1000,Limited,500,10,2018-07-01
PLAN000209,AT&T,AT&T Premium Channels,TV,12.84,19.99,24,,,,No,,10,2024-11-27
PLAN000210,Google Fiber,Google Fiber Entertainment Pack,TV,60.08,19.99,12,,,,No,,5,2022-03-10
PLAN000211,Spectrum,Spectrum Basic,Mobile,29.61,29.99,12,100,2000,1000,Yes,10,15,2017-11-23
PLAN000212,Verizon,Verizon Fiber 300Mbps,Internet,135.18,49.99,12,,,,No,300,10,2017-03-03
PLAN000213,UScellular,UScellular Unlimited,Mobile,130.58,0.0,24,100,2000,1000,Limited,50,0,2015-04-08
PLAN000214,AT&T,AT&T Fiber 1000Mbps,Internet,116.58,0.0,0,500,,,Limited,1000,0,2022-01-04
PLAN000215,Spectrum,Spectrum Complete Bundle Plus,Bundle,296.91,49.99,12,,,,Yes,1000,5,2015-08-01
PLAN000216,T-Mobile,T-Mobile Stream Bundle,TV,48.85,19.99,0,,,,No,,0,2023-04-18
PLAN000217,UScellular,UScellular Entertainment Pack,TV,92.99,0.0,24,,,,No,,10,2016-01-16
PLAN000218,UScellular,UScellular 5G Plus,Mobile,125.47,9.99,0,50,500,,No,300,15,2024-01-17
PLAN000219,Xfinity,Xfinity Fiber 300Mbps,Internet,162.68,49.99,0,500,,,No,300,0,2018-07-31
PLAN000220,T-Mobile,T-Mobile Premium Channels,TV,58.39,0.0,12,,,,No,,20,2018-05-12
PLAN000221,Spectrum,Spectrum Fiber 50Mbps,Internet,146.67,0.0,12,500,,,Yes,50,0,2020-06-26
PLAN000222,UScellular,UScellular Complete Bundle Pro,Bundle,59.89,29.99,12,1000,,,Yes,1000,5,2022-09-02
PLAN000223,Xfinity,Xfinity Premium Channels,TV,88.48,0.0,12,,,,No,,20,2020-09-01
PLAN000224,Xfinity,Xfinity 5G Unlimited,Mobile,135.89,9.99,12,50,1000,100,Limited,50,20,2020-12-09
PLAN000225,Mint Mobile,Mint Mobile 5G Unlimited,Mobile,89.87,0.0,24,5,1000,500,Yes,1000,15,2023-06-25
PLAN000226,T-Mobile,T-Mobile Entertainment Pack,TV,83.11,19.99,12,,,,No,,10,2015-11-01
PLAN000227,T-Mobile,T-Mobile Stream Bundle,TV,36.97,0.0,0,,,,No,,20,2015-05-08
PLAN000228,Cox,Cox Complete Bundle Pro,Bundle,75.83,99.99,12,,,,Yes,100,0,2024-03-20
PLAN000229,Verizon,Verizon Fiber 500Mbps,Internet,198.73,0.0,0,500,,,Yes,500,0,2024-12-08
PLAN000230,Spectrum,Spectrum 5G Unlimited,Mobile,44.57,9.99,24,50,1000,500,Yes,100,0,2024-11-21
PLAN000231,UScellular,UScellular Fiber 200Mbps,Internet,63.65,99.99,0,,,,Yes,200,15,2022-08-07
PLAN000232,UScellular,UScellular 5G Unlimited,Mobile,48.77,29.99,24,100,,,Yes,300,20,2016-03-16
PLAN000233,T-Mobile,T-Mobile Entertainment Pack,TV,42.2,19.99,12,,,,No,,15,2021-09-05
PLAN000234,Mint Mobile,Mint Mobile Basic,Mobile,24.69,0.0,0,5,500,500,Limited,300,15,2015-05-05
PLAN000235,T-Mobile,T-Mobile Fiber 50Mbps,Internet,115.82,0.0,24,,,,Yes,50,5,2022-11-14
PLAN000236,Spectrum,Spectrum Family,Mobile,16.06,0.0,0,20,1000,500,Yes,10,15,2016-10-01
PLAN000237,Xfinity,Xfinity Entertainment Pack,TV,55.09,9.99,24,,,,No,,0,2018-06-26
PLAN000238,Google Fiber,Google Fiber Fiber 25Mbps,Internet,62.2,99.99,12,,,,Limited,25,0,2020-10-31
PLAN000239,Xfinity,Xfinity 5G Plus,Mobile,134.31,0.0,24,5,2000,100,No,10,15,2017-10-19
PLAN000240,Xfinity,Xfinity Family,Mobile,37.16,9.99,24,5,500,,Yes,300,10,2016-09-24
PLAN000241,Cox,Cox Fiber 25Mbps,Internet,120.68,0.0,12,500,,,Yes,25,15,2021-05-09
PLAN000242,Google Fiber,Google Fiber Complete Bundle Plus,Bundle,265.88,29.99,12,500,1000,1000,Yes,1000,10,2015-01-19
PLAN000243,Xfinity,Xfinity Premium Channels,TV,22.24,19.99,0,,,,No,,10,2020-03-28
PLAN000244,Cox,Cox Premium Channels,TV,38.64,0.0,0,,,,No,,10,2017-07-25
PLAN000245,Frontier,Frontier Fiber 25Mbps,Internet,44.43,99.99,12,,,,Limited,25,15,2025-04-29
PLAN000246,Google Fiber,Google Fiber Complete Bundle Basic,Bundle,274.35,29.99,12,500,1000,,Yes,1000,0,2017-03-05
PLAN000247,Cox,Cox Entertainment Pack,TV,17.54,0.0,24,,,,No,,15,2022-10-31
PLAN000248,Cox,Cox Complete Bundle Basic,Bundle,173.2,0.0,12,,1000,,Yes,1000,20,2025-10-17
PLAN000249,Google Fiber,Google Fiber Basic,Mobile,80.23,29.99,12,20,500,,Yes,10,0,2019-03-26
PLAN000250,AT&T,AT&T Basic,Mobile,109.13,0.0,0,50,2000,1000,Yes,50,5,2016-06-26
PLAN000251,T-Mobile,T-Mobile Family,Mobile,34.46,0.0,24,10,2000,,Limited,10,5,2024-02-19
PLAN000252,Mint Mobile,Mint Mobile Basic,Mobile,45.2,29.99,24,,2000,500,No,300,15,2021-02-04
PLAN000253,Spectrum,Spectrum 5G Unlimited,Mobile,131.4,29.99,24,100,,500,Limited,50,10,2024-07-28
PLAN000254,Google Fiber,Google Fiber Basic,Mobile,28.03,0.0,0,,500,100,No,50,20,2016-08-20
PLAN000255,Spectrum,Spectrum Fiber 50Mbps,Internet,155.33,49.99,12,,,,Yes,50,5,2018-02-22
PLAN000256,Google Fiber,Google Fiber Complete Bundle Pro,Bundle,68.71,99.99,12,1000,1000,1000,Limited,500,15,2019-04-19
PLAN000257,Frontier,Frontier Sports Pack,TV,46.05,19.99,12,,,,No,,0,2019-01-03
PLAN000258,UScellular,UScellular Entertainment Pack,TV,73.48,19.99,0,,,,No,,15,2021-01-01
PLAN000259,Frontier,Frontier Fiber 100Mbps,Internet,128.09,19.99,24,1000,,,No,100,20,2015-11-29
PLAN000260,Spectrum,Spectrum Stream Bundle,TV,96.78,0.0,0,,,,No,,10,2016-05-17
PLAN000261,UScellular,UScellular Complete Bundle Pro,Bundle,251.72,99.99,24,500,,1000,Yes,100,5,2015-10-16
PLAN000262,T-Mobile,T-Mobile Family,Mobile,139.38,0.0,12,,500,100,Yes,1000,20,2018-12-30
PLAN000263,UScellular,UScellular Premium Channels,TV,11.99,0.0,12,,,,No,,10,2023-02-16
PLAN000264,AT&T,AT&T Sports Pack,TV,20.03,9.99,24,,,,No,,5,2017-07-23
PLAN000265,Spectrum,Spectrum Complete Bundle Plus,Bundle,81.54,29.99,24,1000,,,Limited,300,0,2024-06-11
PLAN000266,Xfinity,Xfinity Premium Channels,TV,92.17,0.0,24,,,,No,,10,2021-12-12
PLAN000267,Google Fiber,Google Fiber Fiber 1000Mbps,Internet,68.04,0.0,0,,,,Yes,1000,0,2023-05-13
PLAN000268,Cox,Cox Complete Bundle Plus,Bundle,187.68,0.0,24,1000,,1000,Yes,1000,0,2018-11-30
PLAN000269,Mint Mobile,Mint Mobile Family,Mobile,60.45,0.0,24,50,,100,Yes,50,10,2017-04-01
PLAN000270,Verizon,Verizon Fiber 300Mbps,Internet,40.69,19.99,24,,,,Yes,300,5,2015-05-11
PLAN000271,Mint Mobile,Mint Mobile Family,Mobile,84.97,29.99,0,100,1000,1000,No,100,20,2016-04-27
PLAN000272,AT&T,AT&T Family,Mobile,67.02,0.0,24,5,1000,1000,Limited,300,0,2021-01-28
PLAN000273,Xfinity,Xfinity Stream Bundle,TV,92.46,19.99,12,,,,No,,5,2024-08-10
PLAN000274,AT&T,AT&T Entertainment Pack,TV,39.53,19.99,24,,,,No,,10,2016-12-15
PLAN000275,UScellular,UScellular Complete Bundle Pro,Bundle,77.26,29.99,12,1000,,,Yes,1000,10,2015-12-19
PLAN000276,T-Mobile,T-Mobile 5G Unlimited,Mobile,58.62,0.0,24,20,2000,100,Limited,10,15,2016-04-22
PLAN000277,Google Fiber,Google Fiber 5G Unlimited,Mobile,127.86,0.0,0,50,2000,,Yes,10,0,2016-10-13
PLAN000278,Spectrum,Spectrum Complete Bundle Pro,Bundle,194.47,0.0,12,500,,1000,Limited,500,15,2022-02-17
PLAN000279,Google Fiber,Google Fiber Fiber 200Mbps,Internet,171.25,19.99,12,,,,No,200,20,2015-08-27
PLAN000280,Frontier,Frontier 5G Unlimited,Mobile,92.13,9.99,24,20,,500,Limited,300,20,2023-09-13
PLAN000281,Mint Mobile,Mint Mobile Basic,Mobile,109.63,9.99,0,,2000,,No,300,5,2021-02-08
PLAN000282,AT&T,AT&T Fiber 50Mbps,Internet,91.56,19.99,0,,,,No,50,5,2016-11-10
PLAN000283,T-Mobile,T-Mobile Fiber 200Mbps,Internet,132.27,49.99,24,,,,Yes,200,0,2025-06-01
PLAN000284,Frontier,Frontier Basic,Mobile,50.72,29.99,12,50,2000,500,No,50,0,2015-12-28
PLAN000285,Google Fiber,Google Fiber Stream Bundle,TV,49.42,9.99,0,,,,No,,15,2024-09-06
PLAN000286,UScellular,UScellular Sports Pack,TV,29.8,19.99,24,,,,No,,15,2017-01-05
PLAN000287,Frontier,Frontier Complete Bundle Basic,Bundle,277.21,99.99,24,1000,1000,1000,Yes,500,5,2015-04-23
PLAN000288,Verizon,Verizon 5G Plus,Mobile,24.07,9.99,0,5,1000,500,Limited,10,5,2020-08-21
PLAN000289,Google Fiber,Google Fiber Stream Bundle,TV,28.73,19.99,24,,,,No,,5,2016-09-22
PLAN000290,AT&T,AT&T 5G Unlimited,Mobile,101.41,29.99,12,20,500,500,No,300,10,2015-11-01
PLAN000291,Google Fiber,Google Fiber 5G Plus,Mobile,20.3,0.0,0,5,2000,100,No,1000,20,2016-04-27
PLAN000292,Google Fiber,Google Fiber Sports Pack,TV,22.29,9.99,24,,,,No,,20,2017-05-01
PLAN000293,UScellular,UScellular Fiber 25Mbps,Internet,109.67,19.99,0,1000,,,Yes,25,20,2023-11-25
PLAN000294,UScellular,UScellular Sports Pack,TV,32.06,9.99,0,,,,No,,15,2018-05-24
PLAN000295,AT&T,AT&T 5G Unlimited,Mobile,31.85,9.99,0,10,1000,500,Limited,50,0,2024-12-28
PLAN000296,Frontier,Frontier Basic,Mobile,77.44,0.0,24,,500,500,No,300,5,2024-04-24
PLAN000297,Frontier,Frontier Family,Mobile,112.05,29.99,12,10,1000,,No,1000,10,2022-05-04
PLAN000298,Spectrum,Spectrum Complete Bundle Basic,Bundle,242.38,99.99,24,1000,,1000,Limited,300,20,2015-08-18
PLAN000299,Verizon,Verizon Premium Channels,TV,58.65,0.0,0,,,,No,,15,2019-06-03
PLAN000300,Verizon,Verizon 5G Unlimited,Mobile,125.65,9.99,24,,500,,Yes,100,10,2024-02-20
PLAN000301,Spectrum,Spectrum Fiber 100Mbps,Internet,87.42,49.99,0,,,,Yes,100,5,2018-10-23
PLAN000302,AT&T,AT&T Entertainment Pack,TV,38.73,9.99,24,,,,No,,20,2020-10-08
PLAN000303,Google Fiber,Google Fiber Complete Bundle Basic,Bundle,164.1,99.99,12,500,1000,1000,Yes,100,5,2019-08-24
PLAN000304,AT&T,AT&T Premium Channels,TV,31.22,19.99,0,,,,No,,15,2019-01-17
PLAN000305,Spectrum,Spectrum Entertainment Pack,TV,84.24,19.99,0,,,,No,,5,2021-09-20
PLAN000306,Spectrum,Spectrum Stream Bundle,TV,29.26,9.99,24,,,,No,,10,2016-04-16
PLAN000307,Xfinity,Xfinity Complete Bundle Plus,Bundle,145.07,0.0,12,1000,1000,1000,Yes,1000,20,2023-08-09
PLAN000308,Xfinity,Xfinity Complete Bundle Pro,Bundle,68.36,29.99,12,500,,1000,Limited,300,0,2016-04-06
PLAN000309,Verizon,Verizon Premium Channels,TV,41.98,19.99,24,,,,No,,15,2023-10-07
PLAN000310,T-Mobile,T-Mobile Family,Mobile,45.87,9.99,24,50,,100,Yes,1000,0,2022-05-19
PLAN000311,Xfinity,Xfinity Sports Pack,TV,12.27,19.99,0,,,,No,,15,2023-10-08
PLAN000312,AT&T,AT&T Complete Bundle Pro,Bundle,237.11,99.99,12,,,1000,Limited,100,20,2024-11-20
PLAN000313,Cox,Cox Fiber 500Mbps,Internet,84.8,49.99,24,,,,Limited,500,0,2022-01-22
PLAN000314,UScellular,UScellular Premium Channels,TV,36.1,0.0,12,,,,No,,10,2017-09-06
PLAN000315,Spectrum,Spectrum Sports Pack,TV,98.76,19.99,12,,,,No,,15,2018-04-26
PLAN000316,Spectrum,Spectrum Fiber 500Mbps,Internet,125.82,99.99,0,,,,No,500,15,2023-11-15
PLAN000317,Mint Mobile,Mint Mobile Complete Bundle Pro,Bundle,253.01,0.0,24,500,,,Limited,500,5,2019-03-22
PLAN000318,Verizon,Verizon Fiber 25Mbps,Internet,185.64,49.99,0,,,,No,25,15,2019-11-06
PLAN000319,Verizon,Verizon Stream Bundle,TV,43.94,0.0,24,,,,No,,20,2024-10-05
PLAN000320,Mint Mobile,Mint Mobile Sports Pack,TV,13.76,19.99,0,,,,No,,15,2021-06-14
PLAN000321,UScellular,UScellular Unlimited,Mobile,105.63,9.99,12,5,1000,100,Yes,50,10,2016-01-17
PLAN000322,UScellular,UScellular Family,Mobile,73.73,29.99,0,,2000,100,No,100,5,2023-01-14
PLAN000323,Verizon,Verizon Fiber 1000Mbps,Internet,122.96,0.0,12,500,,,No,1000,5,2021-12-17
PLAN000324,Xfinity,Xfinity Unlimited,Mobile,59.67,0.0,0,100,1000,1000,Yes,100,5,2019-08-15
PLAN000325,T-Mobile,T-Mobile Premium Channels,TV,31.3,9.99,12,,,,No,,5,2015-03-05
PLAN000326,Cox,Cox Complete Bundle Plus,Bundle,188.03,0.0,12,500,1000,1000,Limited,500,15,2024-08-25
PLAN000327,Spectrum,Spectrum Stream Bundle,TV,12.89,0.0,0,,,,No,,0,2017-05-23
PLAN000328,Verizon,Verizon Entertainment Pack,TV,37.01,9.99,0,,,,No,,20,2023-02-12
PLAN000329,Google Fiber,Google Fiber Basic,Mobile,24.19,0.0,24,10,2000,500,Yes,1000,5,2018-06-28
PLAN000330,Google Fiber,Google Fiber Complete Bundle Plus,Bundle,91.12,49.99,12,1000,1000,1000,Limited,100,15,2022-12-28
PLAN000331,Cox,Cox Complete Bundle Plus,Bundle,179.75,29.99,24,500,1000,1000,Yes,500,0,2023-11-02
PLAN000332,Google Fiber,Google Fiber Sports Pack,TV,62.31,0.0,12,,,,No,,5,2019-01-25
PLAN000333,Mint Mobile,Mint Mobile Complete Bundle Plus,Bundle,163.05,0.0,12,1000,1000,,Yes,1000,15,2024-09-29
PLAN000334,Google Fiber,Google Fiber Fiber 300Mbps,Internet,102.58,99.99,24,,,,No,300,0,2023-02-15
PLAN000335,Mint Mobile,Mint Mobile Complete Bundle Basic,Bundle,117.3,29.99,12,,,,Limited,500,5,2022-02-22
PLAN000336,Spectrum,Spectrum Stream Bundle,TV,16.38,0.0,0,,,,No,,10,2018-01-22
PLAN000337,Google Fiber,Google Fiber Fiber 500Mbps,Internet,176.98,99.99,24,,,,Yes,500,0,2025-02-18
PLAN000338,Mint Mobile,Mint Mobile Fiber 100Mbps,Internet,39.29,49.99,0,,,,No,100,20,2016-12-02
PLAN000339,T-Mobile,T-Mobile Fiber 25Mbps,Internet,162.89,0.0,24,500,,,No,25,15,2021-02-08
PLAN000340,Xfinity,Xfinity Fiber 200Mbps,Internet,114.48,49.99,24,1000,,,Limited,200,5,2021-09-02
PLAN000341,UScellular,UScellular Unlimited,Mobile,74.9,9.99,12,5,1000,100,Limited,1000,10,2017-05-18
PLAN000342,Xfinity,Xfinity Entertainment Pack,TV,70.67,19.99,24,,,,No,,10,2024-11-06
PLAN000343,Cox,Cox Stream Bundle,TV,91.52,9.99,0,,,,No,,0,2017-09-25
PLAN000344,Spectrum,Spectrum Complete Bundle Basic,Bundle,129.21,49.99,12,,1000,1000,Limited,500,20,2022-09-14
PLAN000345,Spectrum,Spectrum 5G Unlimited,Mobile,138.99,29.99,24,10,500,500,Limited,100,5,2021-12-22
PLAN000346,Google Fiber,Google Fiber Family,Mobile,78.49,29.99,12,10,500,500,Limited,1000,15,2025-07-11
PLAN000347,Mint Mobile,Mint Mobile Fiber 1000Mbps,Internet,68.92,0.0,12,,,,No,1000,5,2023-06-03
PLAN000348,Spectrum,Spectrum 5G Unlimited,Mobile,43.19,0.0,0,5,1000,100,Yes,1000,5,2024-04-21
PLAN000349,Google Fiber,Google Fiber Fiber 200Mbps,Internet,139.71,19.99,24,1000,,,Limited,200,10,2016-07-21
PLAN000350,Frontier,Frontier Stream Bundle,TV,38.05,0.0,0,,,,No,,0,2017-08-17
PLAN000351,Google Fiber,Google Fiber Complete Bundle Basic,Bundle,216.63,29.99,12,,1000,1000,Yes,1000,10,2024-07-02
PLAN000352,Verizon,Verizon Stream Bundle,TV,13.8,9.99,12,,,,No,,15,2023-01-21
PLAN000353,Verizon,Verizon Fiber 100Mbps,Internet,178.6,0.0,24,,,,Limited,100,5,2025-03-03
PLAN000354,Verizon,Verizon Complete Bundle Basic,Bundle,229.61,49.99,12,,1000,,Yes,1000,5,2016-09-09
PLAN000355,Cox,Cox Basic,Mobile,35.36,0.0,0,,1000,1000,Yes,1000,20,2020-03-26
PLAN000356,Cox,Cox Stream Bundle,TV,55.35,19.99,24,,,,No,,10,2023-08-20
PLAN000357,UScellular,UScellular Fiber 25Mbps,Internet,89.31,49.99,0,500,,,Limited,25,0,2024-02-09
PLAN000358,Xfinity,Xfinity Family,Mobile,127.28,29.99,0,20,500,1000,No,1000,15,2016-02-01
PLAN000359,Mint Mobile,Mint Mobile 5G Plus,Mobile,22.6,0.0,24,10,2000,,No,50,10,2025-04-21
PLAN000360,Cox,Cox 5G Plus,Mobile,59.16,9.99,24,10,1000,1000,No,50,15,2015-10-05
PLAN000361,T-Mobile,T-Mobile Entertainment Pack,TV,12.3,0.0,0,,,,No,,20,2025-02-26
PLAN000362,Verizon,Verizon Complete Bundle Plus,Bundle,83.49,49.99,12,1000,,1000,Yes,500,10,2020-02-17
PLAN000363,UScellular,UScellular Entertainment Pack,TV,11.81,9.99,12,,,,No,,15,2025-06-28
PLAN000364,Verizon,Verizon Fiber 50Mbps,Internet,178.48,99.99,24,500,,,No,50,5,2015-08-14
PLAN000365,Xfinity,Xfinity Fiber 300Mbps,Internet,62.25,0.0,0,,,,Limited,300,0,2020-06-18
PLAN000366,Mint Mobile,Mint Mobile Complete Bundle Plus,Bundle,89.74,99.99,24,1000,,,Yes,100,20,2017-03-01
PLAN000367,T-Mobile,T-Mobile 5G Plus,Mobile,53.84,0.0,0,,1000,100,Limited,50,10,2021-04-28
PLAN000368,Verizon,Verizon Complete Bundle Pro,Bundle,287.42,99.99,12,,,,Yes,500,20,2023-02-18
PLAN000369,Frontier,Frontier 5G Plus,Mobile,22.68,29.99,12,10,,100,Yes,100,5,2019-05-24
PLAN000370,Frontier,Frontier Sports Pack,TV,31.17,0.0,0,,,,No,,10,2019-05-17
PLAN000371,AT&T,AT&T Fiber 500Mbps,Internet,119.93,49.99,24,,,,No,500,0,2021-08-17
PLAN000372,T-Mobile,T-Mobile Premium Channels,TV,97.66,0.0,24,,,,No,,20,2022-07-20
PLAN000373,Mint Mobile,Mint Mobile Fiber 200Mbps,Internet,149.9,49.99,12,,,,No,200,5,2019-07-21
PLAN000374,Verizon,Verizon Fiber 25Mbps,Internet,87.24,19.99,12,1000,,,Limited,25,5,2019-12-04
PLAN000375,AT&T,AT&T Entertainment Pack,TV,91.66,19.99,12,,,,No,,15,2020-11-20
PLAN000376,Google Fiber,Google Fiber Fiber 1000Mbps,Internet,46.08,49.99,12,,,,Limited,1000,0,2021-05-19
PLAN000377,AT&T,AT&T 5G Unlimited,Mobile,128.69,9.99,24,10,2000,1000,Limited,50,10,2024-02-08
PLAN000378,T-Mobile,T-Mobile Fiber 50Mbps,Internet,193.47,99.99,0,,,,Limited,50,15,2015-06-30
PLAN000379,T-Mobile,T-Mobile Fiber 100Mbps,Internet,138.3,49.99,12,,,,Limited,100,20,2025-07-24
PLAN000380,Xfinity,Xfinity Complete Bundle Basic,Bundle,101.4,0.0,12,,,,Limited,500,15,2025-06-20
PLAN000381,Google Fiber,Google Fiber Complete Bundle Pro,Bundle,284.22,0.0,24,500,1000,,Yes,300,10,2023-06-27
PLAN000382,Mint Mobile,Mint Mobile Complete Bundle Plus,Bundle,129.8,29.99,24,500,1000,1000,Limited,1000,10,2024-02-04
PLAN000383,Mint Mobile,Mint Mobile Fiber 1000Mbps,Internet,43.83,99.99,12,,,,Limited,1000,5,2016-03-25
PLAN000384,Verizon,Verizon 5G Plus,Mobile,122.57,9.99,12,,,1000,No,50,15,2018-02-15
PLAN000385,Mint Mobile,Mint Mobile Stream Bundle,TV,37.2,19.99,12,,,,No,,10,2018-03-01
PLAN000386,Spectrum,Spectrum Sports Pack,TV,60.04,0.0,24,,,,No,,15,2018-11-18
PLAN000387,Frontier,Frontier 5G Unlimited,Mobile,49.21,9.99,12,50,,,Limited,1000,5,2018-12-20
PLAN000388,UScellular,UScellular Complete Bundle Pro,Bundle,248.25,0.0,24,500,1000,,Yes,100,15,2021-06-04
PLAN000389,Cox,Cox Complete Bundle Plus,Bundle,117.98,29.99,24,,1000,,Limited,100,0,2024-11-09
PLAN000390,Spectrum,Spectrum Fiber 1000Mbps,Internet,188.93,49.99,24,,,,Yes,1000,5,2022-04-12
PLAN000391,Google Fiber,Google Fiber Stream Bundle,TV,74.14,0.0,0,,,,No,,5,2024-02-24
PLAN000392,Spectrum,Spectrum Fiber 1000Mbps,Internet,189.11,19.99,12,,,,No,1000,0,2023-05-15
PLAN000393,Cox,Cox Complete Bundle Plus,Bundle,271.28,49.99,12,500,,,Limited,100,20,2015-04-25
PLAN000394,Google Fiber,Google Fiber Fiber 50Mbps,Internet,31.39,49.99,0,,,,Limited,50,20,2019-04-30
PLAN000395,Xfinity,Xfinity Stream Bundle,TV,65.73,19.99,12,,,,No,,15,2016-01-16
PLAN000396,Xfinity,Xfinity Fiber 500Mbps,Internet,99.98,19.99,12,1000,,,Limited,500,5,2022-08-10
PLAN000397,AT&T,AT&T Complete Bundle Basic,Bundle,140.97,49.99,24,1000,1000,1000,Yes,100,20,2015-08-29
PLAN000398,Xfinity,Xfinity Sports Pack,TV,70.51,9.99,12,,,,No,,0,2020-02-07
PLAN000399,UScellular,UScellular Complete Bundle Basic,Bundle,221.0,99.99,12,,,1000,Yes,1000,15,2019-12-04
PLAN000400,Verizon,Verizon Fiber 200Mbps,Internet,62.26,19.99,24,500,,,No,200,20,2018-04-01
PLAN000401,Verizon,Verizon Complete Bundle Plus,Bundle,155.14,49.99,24,500,,1000,Yes,300,0,2017-03-11
PLAN000402,Xfinity,Xfinity Complete Bundle Plus,Bundle,271.21,49.99,12,1000,1000,1000,Yes,300,20,2022-04-24
PLAN000403,Xfinity,Xfinity Fiber 50Mbps,Internet,40.51,19.99,0,1000,,,Yes,50,15,2022-06-18
PLAN000404,Verizon,Verizon Complete Bundle Basic,Bundle,99.45,99.99,12,1000,,1000,Yes,100,15,2023-06-13
PLAN000405,T-Mobile,T-Mobile Complete Bundle Plus,Bundle,206.8,49.99,12,500,1000,,Yes,1000,15,2025-05-12
PLAN000406,AT&T,AT&T Complete Bundle Basic,Bundle,245.55,29.99,12,500,,,Yes,100,5,2016-07-26
PLAN000407,T-Mobile,T-Mobile Unlimited,Mobile,125.45,9.99,12,100,2000,1000,Yes,300,5,2018-04-12
PLAN000408,Verizon,Verizon Fiber 200Mbps,Internet,187.91,19.99,12,,,,Yes,200,20,2022-01-31
PLAN000409,Cox,Cox Fiber 50Mbps,Internet,190.72,19.99,0,,,,Yes,50,5,2022-05-13
PLAN000410,Cox,Cox 5G Unlimited,Mobile,102.17,9.99,12,20,,,No,10,0,2019-01-03
PLAN000411,UScellular,UScellular Fiber 500Mbps,Internet,141.3,99.99,12,1000,,,Yes,500,10,2017-12-29
PLAN000412,Frontier,Frontier Sports Pack,TV,69.7,9.99,24,,,,No,,5,2019-09-10
PLAN000413,AT&T,AT&T Fiber 100Mbps,Internet,142.77,49.99,24,500,,,No,100,10,2020-09-14
PLAN000414,Google Fiber,Google Fiber Fiber 25Mbps,Internet,129.26,49.99,24,1000,,,No,25,10,2019-11-18
PLAN000415,Xfinity,Xfinity Fiber 50Mbps,Internet,175.44,99.99,0,,,,Limited,50,20,2019-06-03
PLAN000416,Xfinity,Xfinity Complete Bundle Basic,Bundle,88.08,0.0,12,500,,,Limited,300,0,2017-04-01
PLAN000417,Spectrum,Spectrum Premium Channels,TV,94.24,9.99,0,,,,No,,15,2018-09-16
PLAN000418,UScellular,UScellular Entertainment Pack,TV,27.26,0.0,0,,,,No,,0,2022-01-03
PLAN000419,Xfinity,Xfinity Entertainment Pack,TV,70.8,0.0,12,,,,No,,10,2018-01-03
PLAN000420,Cox,Cox Fiber 200Mbps,Internet,194.94,0.0,12,1000,,,No,200,5,2025-03-13
PLAN000421,UScellular,UScellular Complete Bundle Basic,Bundle,142.35,29.99,12,500,,1000,Yes,300,5,2018-07-23
PLAN000422,Google Fiber,Google Fiber Fiber 200Mbps,Internet,182.67,49.99,0,,,,No,200,5,2025-03-31
PLAN000423,Verizon,Verizon Premium Channels,TV,99.94,0.0,12,,,,No,,10,2017-10-13
PLAN000424,UScellular,UScellular Stream Bundle,TV,47.58,9.99,24,,,,No,,5,2023-08-06
PLAN000425,Google Fiber,Google Fiber Entertainment Pack,TV,40.62,0.0,0,,,,No,,15,2018-02-05
PLAN000426,Google Fiber,Google Fiber Entertainment Pack,TV,22.45,0.0,12,,,,No,,10,2021-09-01
PLAN000427,UScellular,UScellular Basic,Mobile,121.55,9.99,24,100,500,500,Limited,10,5,2023-07-11
PLAN000428,T-Mobile,T-Mobile Premium Channels,TV,18.71,0.0,0,,,,No,,5,2021-12-12
PLAN000429,Cox,Cox Sports Pack,TV,69.47,19.99,24,,,,No,,0,2018-05-17
PLAN000430,Frontier,Frontier Premium Channels,TV,51.94,19.99,0,,,,No,,20,2016-11-27
PLAN000431,T-Mobile,T-Mobile 5G Plus,Mobile,77.74,9.99,0,,1000,,No,100,0,2016-11-25
PLAN000432,AT&T,AT&T Sports Pack,TV,85.65,9.99,0,,,,No,,15,2018-11-05
PLAN000433,AT&T,AT&T Unlimited,Mobile,87.19,9.99,12,,2000,500,Yes,100,5,2018-05-17
PLAN000434,AT&T,AT&T Fiber 500Mbps,Internet,42.34,49.99,12,1000,,,Yes,500,15,2016-04-18
PLAN000435,UScellular,UScellular Basic,Mobile,108.67,9.99,12,,,500,Yes,100,15,2015-07-01
PLAN000436,Google Fiber,Google Fiber Complete Bundle Basic,Bundle,82.89,99.99,24,500,1000,,Yes,100,5,2018-08-11
PLAN000437,Google Fiber,Google Fiber Fiber 25Mbps,Internet,50.56,19.99,24,500,,,Yes,25,5,2019-07-07
PLAN000438,Frontier,Frontier Stream Bundle,TV,72.09,9.99,12,,,,No,,20,2015-05-25
PLAN000439,Cox,Cox Basic,Mobile,116.92,29.99,0,,2000,,Limited,300,15,2022-10-25
PLAN000440,Spectrum,Spectrum Fiber 500Mbps,Internet,65.43,99.99,24,,,,Yes,500,20,2023-01-20
PLAN000441,Mint Mobile,Mint Mobile Complete Bundle Pro,Bundle,215.75,29.99,24,,,,Yes,100,5,2015-05-06
PLAN000442,Xfinity,Xfinity Sports Pack,TV,89.63,19.99,0,,,,No,,5,2022-12-23
PLAN000443,UScellular,UScellular Complete Bundle Basic,Bundle,217.91,99.99,24,1000,,,Yes,1000,15,2018-05-20
PLAN000444,Cox,Cox Fiber 25Mbps,Internet,65.91,99.99,24,1000,,,No,25,20,2024-01-02
PLAN000445,Xfinity,Xfinity 5G Unlimited,Mobile,97.3,29.99,24,,,1000,Limited,50,20,2015-07-16
PLAN000446,Verizon,Verizon Complete Bundle Pro,Bundle,87.79,0.0,24,1000,,1000,Yes,300,10,2024-04-04
PLAN000447,UScellular,UScellular Complete Bundle Basic,Bundle,263.5,49.99,12,1000,,,Limited,100,10,2016-04-20
PLAN000448,Frontier,Frontier Complete Bundle Basic,Bundle,258.85,0.0,24,,1000,1000,Limited,500,5,2015-08-09
PLAN000449,UScellular,UScellular Premium Channels,TV,47.63,9.99,0,,,,No,,0,2024-11-30
PLAN000450,Mint Mobile,Mint Mobile Stream Bundle,TV,88.47,9.99,12,,,,No,,5,2023-11-18
PLAN000451,Cox,Cox Fiber 200Mbps,Internet,129.25,49.99,24,,,,Limited,200,20,2017-04-15
PLAN000452,T-Mobile,T-Mobile Complete Bundle Plus,Bundle,191.78,0.0,24,500,,1000,Yes,500,5,2019-10-23
PLAN000453,Verizon,Verizon Fiber 25Mbps,Internet,64.71,19.99,0,,,,No,25,20,2015-08-03
PLAN000454,AT&T,AT&T Fiber 200Mbps,Internet,88.01,0.0,0,,,,Yes,200,15,2019-03-22
PLAN000455,UScellular,UScellular 5G Unlimited,Mobile,31.13,9.99,0,50,1000,100,No,1000,0,2019-11-30
PLAN000456,AT&T,AT&T Stream Bundle,TV,90.5,19.99,24,,,,No,,5,2025-10-07
PLAN000457,T-Mobile,T-Mobile Fiber 50Mbps,Internet,143.02,99.99,0,500,,,No,50,15,2023-01-25
PLAN000458,Frontier,Frontier Complete Bundle Basic,Bundle,99.29,99.99,12,500,1000,,Yes,300,5,2020-12-02
PLAN000459,Verizon,Verizon Complete Bundle Plus,Bundle,200.31,29.99,24,500,1000,,Yes,500,20,2021-10-16
PLAN000460,Xfinity,Xfinity Premium Channels,TV,13.43,9.99,0,,,,No,,5,2021-05-15
PLAN000461,T-Mobile,T-Mobile Stream Bundle,TV,79.63,0.0,0,,,,No,,10,2019-10-21
PLAN000462,T-Mobile,T-Mobile Complete Bundle Pro,Bundle,221.59,0.0,24,500,1000,1000,Limited,1000,20,2019-11-21
PLAN000463,AT&T,AT&T Fiber 200Mbps,Internet,73.42,49.99,0,,,,Yes,200,20,2020-01-03
PLAN000464,AT&T,AT&T 5G Plus,Mobile,53.11,29.99,12,10,1000,500,Yes,10,15,2020-10-04
PLAN000465,Cox,Cox Complete Bundle Basic,Bundle,274.82,99.99,24,,1000,,Limited,300,20,2017-01-08
PLAN000466,Frontier,Frontier Complete Bundle Pro,Bundle,140.67,49.99,24,500,1000,,Yes,300,15,2020-12-28
PLAN000467,Spectrum,Spectrum Sports Pack,TV,89.5,9.99,24,,,,No,,20,2018-05-15
PLAN000468,UScellular,UScellular 5G Plus,Mobile,92.24,0.0,0,,500,1000,No,300,0,2015-07-07
PLAN000469,Mint Mobile,Mint Mobile Fiber 1000Mbps,Internet,187.62,49.99,0,,,,Limited,1000,15,2023-06-14
PLAN000470,Mint Mobile,Mint Mobile Complete Bundle Pro,Bundle,70.62,0.0,24,500,,1000,Limited,500,0,2017-01-31
PLAN000471,T-Mobile,T-Mobile Sports Pack,TV,38.5,19.99,0,,,,No,,5,2018-09-13
PLAN000472,Verizon,Verizon Entertainment Pack,TV,87.06,0.0,0,,,,No,,10,2020-03-18
PLAN000473,Spectrum,Spectrum Fiber 500Mbps,Internet,123.08,99.99,24,,,,Limited,500,10,2023-01-09
PLAN000474,Spectrum,Spectrum Unlimited,Mobile,121.47,0.0,12,,500,500,Limited,300,15,2016-07-03
PLAN000475,Verizon,Verizon 5G Unlimited,Mobile,127.85,0.0,12,20,2000,,Limited,300,0,2022-05-18
PLAN000476,Mint Mobile,Mint Mobile Fiber 200Mbps,Internet,90.36,49.99,24,,,,Yes,200,0,2018-04-12
PLAN000477,Xfinity,Xfinity Entertainment Pack,TV,80.19,9.99,0,,,,No,,20,2015-11-13
PLAN000478,Verizon,Verizon Sports Pack,TV,38.78,9.99,24,,,,No,,5,2015-02-14
PLAN000479,Frontier,Frontier 5G Plus,Mobile,98.46,9.99,0,20,2000,500,Yes,100,0,2025-03-01
PLAN000480,Frontier,Frontier Family,Mobile,73.02,0.0,0,100,1000,1000,Limited,300,10,2018-02-22
PLAN000481,T-Mobile,T-Mobile Unlimited,Mobile,136.59,0.0,24,5,,,Yes,50,20,2025-07-30
PLAN000482,UScellular,UScellular Complete Bundle Plus,Bundle,196.63,0.0,24,,,,Limited,100,5,2018-05-31
PLAN000483,AT&T,AT&T Complete Bundle Plus,Bundle,207.3,49.99,12,1000,1000,,Limited,100,20,2016-10-20
PLAN000484,Mint Mobile,Mint Mobile Complete Bundle Pro,Bundle,283.27,99.99,24,,,,Yes,1000,5,2017-02-19
PLAN000485,Cox,Cox 5G Plus,Mobile,99.56,29.99,0,20,500,,Yes,1000,0,2016-11-27
PLAN000486,Google Fiber,Google Fiber Sports Pack,TV,25.92,9.99,24,,,,No,,0,2022-02-05
PLAN000487,T-Mobile,T-Mobile Stream Bundle,TV,54.43,19.99,24,,,,No,,5,2019-08-29
PLAN000488,Verizon,Verizon Fiber 500Mbps,Internet,149.22,99.99,12,1000,,,Yes,500,5,2015-01-07
PLAN000489,Spectrum,Spectrum Fiber 200Mbps,Internet,180.5,49.99,24,,,,Yes,200,20,2019-07-13
PLAN000490,AT&T,AT&T Complete Bundle Plus,Bundle,228.87,49.99,12,,,,Yes,100,10,2020-05-10
PLAN000491,Xfinity,Xfinity Basic,Mobile,25.64,29.99,24,,,500,No,1000,0,2025-07-01
PLAN000492,Google Fiber,Google Fiber Basic,Mobile,73.4,9.99,0,20,,,No,50,15,2015-03-04
PLAN000493,Mint Mobile,Mint Mobile Sports Pack,TV,91.86,19.99,12,,,,No,,10,2023-10-27
PLAN000494,Frontier,Frontier Complete Bundle Plus,Bundle,143.33,0.0,12,1000,1000,,Limited,1000,15,2023-07-31
PLAN000495,Cox,Cox Sports Pack,TV,95.84,9.99,24,,,,No,,5,2019-10-10
PLAN000496,Xfinity,Xfinity Premium Channels,TV,59.19,19.99,0,,,,No,,20,2016-03-04
PLAN000497,T-Mobile,T-Mobile Sports Pack,TV,81.92,0.0,0,,,,No,,20,2016-03-14
PLAN000498,AT&T,AT&T 5G Unlimited,Mobile,71.65,9.99,24,100,,,No,1000,20,2016-06-30
PLAN000499,Verizon,Verizon Unlimited,Mobile,76.27,9.99,24,5,2000,1000,Yes,50,10,2024-02-28
PLAN000500,Verizon,Verizon Complete Bundle Basic,Bundle,257.08,29.99,12,,,,Limited,1000,10,2025-04-30
PLAN000501,AT&T,AT&T Complete Bundle Pro,Bundle,68.18,49.99,24,1000,1000,,Yes,300,15,2025-08-13
PLAN000502,Cox,Cox Complete Bundle Basic,Bundle,290.44,99.99,24,500,,,Yes,1000,5,2018-10-01
PLAN000503,Frontier,Frontier Fiber 300Mbps,Internet,149.13,99.99,24,,,,Limited,300,0,2024-10-01
PLAN000504,Xfinity,Xfinity Complete Bundle Pro,Bundle,230.05,29.99,24,,1000,,Yes,500,0,2017-03-18
PLAN000505,Cox,Cox Fiber 300Mbps,Internet,108.31,49.99,12,,,,Yes,300,10,2023-09-06
PLAN000506,Frontier,Frontier Entertainment Pack,TV,63.57,0.0,24,,,,No,,5,2015-03-13
PLAN000507,Cox,Cox Complete Bundle Plus,Bundle,262.5,29.99,24,500,1000,,Limited,300,10,2015-09-11
PLAN000508,Verizon,Verizon Complete Bundle Plus,Bundle,281.04,49.99,24,500,1000,1000,Limited,500,20,2019-10-25
PLAN000509,Cox,Cox Complete Bundle Pro,Bundle,123.84,99.99,12,500,1000,1000,Yes,500,10,2016-12-03
PLAN000510,T-Mobile,T-Mobile Entertainment Pack,TV,42.21,9.99,0,,,,No,,10,2023-06-23
PLAN000511,Verizon,Verizon Complete Bundle Pro,Bundle,154.31,29.99,24,,1000,,Limited,300,10,2015-11-27
PLAN000512,Spectrum,Spectrum Basic,Mobile,81.37,0.0,24,5,1000,500,No,100,20,2015-07-09
PLAN000513,Google Fiber,Google Fiber Fiber 50Mbps,Internet,32.6,0.0,12,500,,,No,50,20,2018-09-02
PLAN000514,Google Fiber,Google Fiber Complete Bundle Plus,Bundle,181.12,49.99,12,500,,1000,Limited,1000,5,2024-01-23
PLAN000515,Verizon,Verizon Fiber 300Mbps,Internet,178.02,19.99,0,1000,,,Limited,300,20,2021-07-26
PLAN000516,Mint Mobile,Mint Mobile Fiber 300Mbps,Internet,190.48,49.99,0,500,,,Limited,300,0,2024-10-16
PLAN000517,AT&T,AT&T Stream Bundle,TV,75.07,9.99,0,,,,No,,20,2016-01-13
PLAN000518,Mint Mobile,Mint Mobile Sports Pack,TV,96.73,0.0,24,,,,No,,15,2025-05-02
PLAN000519,Cox,Cox Complete Bundle Pro,Bundle,231.87,0.0,12,1000,1000,,Limited,500,0,2023-08-21
PLAN000520,Frontier,Frontier Entertainment Pack,TV,72.68,0.0,0,,,,No,,0,2023-06-05
PLAN000521,Frontier,Frontier Sports Pack,TV,67.67,9.99,0,,,,No,,5,2025-07-01
PLAN000522,UScellular,UScellular Premium Channels,TV,49.03,9.99,12,,,,No,,10,2018-08-26
PLAN000523,Google Fiber,Google Fiber Fiber 300Mbps,Internet,134.48,49.99,0,1000,,,No,300,20,2024-05-30
PLAN000524,Google Fiber,Google Fiber Family,Mobile,22.23,29.99,0,,,1000,No,10,10,2022-02-09
PLAN000525,Verizon,Verizon 5G Plus,Mobile,89.67,29.99,0,10,2000,1000,Yes,1000,5,2023-04-18
PLAN000526,Frontier,Frontier Fiber 25Mbps,Internet,91.81,0.0,24,,,,No,25,0,2017-01-22
PLAN000527,Cox,Cox Complete Bundle Basic,Bundle,192.95,29.99,12,1000,1000,1000,Yes,1000,0,2022-06-22
PLAN000528,Spectrum,Spectrum Basic,Mobile,65.87,9.99,12,10,2000,500,Limited,1000,5,2018-01-20
PLAN000529,Verizon,Verizon Fiber 25Mbps,Internet,197.96,99.99,0,1000,,,Limited,25,10,2019-05-21
PLAN000530,AT&T,AT&T Stream Bundle,TV,36.58,9.99,0,,,,No,,0,2020-11-06
PLAN000531,T-Mobile,T-Mobile Fiber 500Mbps,Internet,70.88,99.99,24,,,,No,500,0,2018-01-26
PLAN000532,Google Fiber,Google Fiber Sports Pack,TV,22.52,19.99,12,,,,No,,0,2025-01-24
PLAN000533,UScellular,UScellular Complete Bundle Plus,Bundle,289.25,99.99,24,,1000,,Yes,300,0,2021-05-15
PLAN000534,Frontier,Frontier Unlimited,Mobile,45.15,0.0,0,5,2000,1000,Yes,300,10,2024-06-12
PLAN000535,Google Fiber,Google Fiber Family,Mobile,65.9,0.0,0,20,1000,,Yes,50,10,2021-01-03
PLAN000536,Mint Mobile,Mint Mobile Family,Mobile,113.51,29.99,0,20,,,Limited,300,20,2019-06-09
PLAN000537,Google Fiber,Google Fiber Complete Bundle Plus,Bundle,118.64,29.99,12,,1000,1000,Limited,300,0,2024-06-04
PLAN000538,Xfinity,Xfinity Complete Bundle Basic,Bundle,125.58,0.0,24,500,1000,,Yes,300,20,2020-01-15
PLAN000539,Verizon,Verizon Stream Bundle,TV,28.62,9.99,24,,,,No,,15,2021-04-14
PLAN000540,T-Mobile,T-Mobile 5G Plus,Mobile,111.59,9.99,0,10,1000,500,Yes,50,15,2025-05-20
PLAN000541,Mint Mobile,Mint Mobile Entertainment Pack,TV,84.56,0.0,24,,,,No,,0,2023-09-08
PLAN000542,Cox,Cox Complete Bundle Pro,Bundle,183.4,0.0,24,1000,1000,1000,Limited,500,5,2019-05-21
PLAN000543,Google Fiber,Google Fiber Fiber 200Mbps,Internet,147.7,49.99,24,,,,Limited,200,10,2024-09-22
PLAN000544,AT&T,AT&T 5G Unlimited,Mobile,61.61,29.99,24,100,1000,,Limited,300,15,2018-08-20
PLAN000545,T-Mobile,T-Mobile Stream Bundle,TV,41.73,9.99,0,,,,No,,0,2015-10-11
PLAN000546,Xfinity,Xfinity Family,Mobile,97.36,29.99,0,20,2000,,No,50,15,2015-06-28
PLAN000547,T-Mobile,T-Mobile Fiber 200Mbps,Internet,40.17,19.99,24,1000,,,No,200,20,2022-02-02
PLAN000548,Frontier,Frontier Sports Pack,TV,94.96,0.0,24,,,,No,,10,2020-07-10
PLAN000549,AT&T,AT&T Fiber 300Mbps,Internet,63.61,49.99,0,,,,No,300,20,2018-01-19
PLAN000550,AT&T,AT&T Family,Mobile,123.14,29.99,0,5,2000,,No,100,20,2022-08-09
PLAN000551,Frontier,Frontier Sports Pack,TV,86.06,9.99,12,,,,No,,0,2019-06-18
PLAN000552,Cox,Cox Unlimited,Mobile,107.77,0.0,12,100,500,1000,No,300,5,2017-01-06
PLAN000553,Spectrum,Spectrum Fiber 50Mbps,Internet,102.33,19.99,0,,,,Yes,50,5,2016-06-01
PLAN000554,Spectrum,Spectrum Complete Bundle Plus,Bundle,180.36,99.99,24,1000,,,Limited,100,15,2019-04-16
PLAN000555,Verizon,Verizon Fiber 200Mbps,Internet,103.08,49.99,0,1000,,,No,200,20,2023-08-01
PLAN000556,Spectrum,Spectrum Fiber 100Mbps,Internet,128.84,19.99,24,,,,Limited,100,5,2016-02-21
PLAN000557,T-Mobile,T-Mobile Fiber 1000Mbps,Internet,167.19,0.0,0,500,,,Yes,1000,0,2017-03-14
PLAN000558,T-Mobile,T-Mobile Family,Mobile,137.6,29.99,0,10,2000,100,Yes,50,0,2020-02-19
PLAN000559,AT&T,AT&T Complete Bundle Plus,Bundle,264.36,0.0,24,,1000,1000,Limited,300,15,2024-12-01
PLAN000560,Frontier,Frontier 5G Unlimited,Mobile,80.55,0.0,24,50,,100,Yes,1000,20,2025-05-21
PLAN000561,Cox,Cox Premium Channels,TV,71.74,9.99,24,,,,No,,10,2019-02-19
PLAN000562,UScellular,UScellular Unlimited,Mobile,42.69,29.99,0,10,1000,500,No,300,5,2025-02-05
PLAN000563,Cox,Cox Basic,Mobile,116.09,0.0,0,20,,,No,10,5,2022-10-22
PLAN000564,Frontier,Frontier Fiber 200Mbps,Internet,134.35,0.0,0,1000,,,Limited,200,20,2025-09-29
PLAN000565,T-Mobile,T-Mobile Complete Bundle Basic,Bundle,286.74,29.99,12,,,1000,Yes,100,10,2025-03-31
PLAN000566,Cox,Cox Complete Bundle Plus,Bundle,178.86,0.0,24,1000,1000,,Limited,100,10,2025-04-18
PLAN000567,Verizon,Verizon Basic,Mobile,120.21,29.99,24,20,,100,Yes,100,15,2020-09-12
PLAN000568,T-Mobile,T-Mobile Unlimited,Mobile,37.4,0.0,24,,2000,1000,Yes,50,20,2020-06-27
PLAN000569,Frontier,Frontier Complete Bundle Pro,Bundle,172.18,49.99,24,,1000,1000,Limited,1000,15,2022-11-14
PLAN000570,Google Fiber,Google Fiber Fiber 25Mbps,Internet,176.97,99.99,24,,,,Yes,25,0,2024-02-22
PLAN000571,Xfinity,Xfinity Complete Bundle Plus,Bundle,124.51,99.99,12,,1000,,Limited,300,20,2021-01-19
PLAN000572,Cox,Cox Complete Bundle Plus,Bundle,71.9,99.99,12,500,1000,1000,Limited,300,20,2019-02-13
PLAN000573,Cox,Cox Sports Pack,TV,79.68,9.99,0,,,,No,,10,2021-08-16
PLAN000574,AT&T,AT&T Fiber 100Mbps,Internet,130.37,0.0,0,,,,Yes,100,20,2015-11-02
PLAN000575,UScellular,UScellular Family,Mobile,130.78,0.0,12,100,,,Yes,50,10,2018-01-18
PLAN000576,T-Mobile,T-Mobile Family,Mobile,106.22,0.0,24,50,2000,1000,Limited,100,5,2020-11-09
PLAN000577,AT&T,AT&T Complete Bundle Basic,Bundle,295.81,29.99,24,500,,1000,Yes,1000,5,2024-02-28
PLAN000578,UScellular,UScellular Fiber 25Mbps,Internet,127.06,99.99,24,1000,,,Yes,25,15,2021-06-01
PLAN000579,Frontier,Frontier Complete Bundle Basic,Bundle,222.61,29.99,12,1000,1000,1000,Limited,500,15,2019-11-12
PLAN000580,Mint Mobile,Mint Mobile Fiber 200Mbps,Internet,105.1,49.99,24,1000,,,No,200,5,2016-11-08
PLAN000581,UScellular,UScellular Unlimited,Mobile,58.92,0.0,12,100,1000,1000,No,10,5,2016-01-31
PLAN000582,Xfinity,Xfinity Sports Pack,TV,20.32,19.99,12,,,,No,,15,2019-02-03
PLAN000583,T-Mobile,T-Mobile Stream Bundle,TV,85.29,19.99,0,,,,No,,15,2017-05-13
PLAN000584,UScellular,UScellular Entertainment Pack,TV,76.59,19.99,12,,,,No,,5,2021-10-27
PLAN000585,Cox,Cox Sports Pack,TV,85.21,19.99,24,,,,No,,0,2022-05-28
PLAN000586,Google Fiber,Google Fiber Fiber 500Mbps,Internet,97.12,0.0,24,,,,No,500,0,2015-10-05
PLAN000587,Verizon,Verizon Unlimited,Mobile,133.31,9.99,24,10,500,1000,No,1000,15,2022-03-08
PLAN000588,Mint Mobile,Mint Mobile Stream Bundle,TV,52.65,19.99,0,,,,No,,20,2020-01-21
PLAN000589,Verizon,Verizon Complete Bundle Pro,Bundle,62.94,29.99,12,,,1000,Yes,100,0,2021-10-26
PLAN000590,Xfinity,Xfinity Basic,Mobile,45.75,9.99,12,100,500,,Limited,300,10,2018-10-06
PLAN000591,Frontier,Frontier Fiber 300Mbps,Internet,107.64,49.99,0,,,,No,300,10,2017-06-13
PLAN000592,Google Fiber,Google Fiber Fiber 500Mbps,Internet,179.68,19.99,12,1000,,,No,500,0,2015-10-07
PLAN000593,T-Mobile,T-Mobile Unlimited,Mobile,136.66,9.99,24,5,2000,500,Limited,10,15,2023-11-01
PLAN000594,Mint Mobile,Mint Mobile Premium Channels,TV,86.29,9.99,0,,,,No,,5,2021-10-07
PLAN000595,T-Mobile,T-Mobile Fiber 1000Mbps,Internet,130.36,99.99,12,500,,,Limited,1000,5,2017-03-14
PLAN000596,Verizon,Verizon Family,Mobile,83.16,29.99,0,50,,100,Yes,100,5,2022-01-23
PLAN000597,Google Fiber,Google Fiber Unlimited,Mobile,100.02,9.99,12,5,2000,100,Yes,10,5,2021-11-15
PLAN000598,Cox,Cox Fiber 25Mbps,Internet,118.07,19.99,12,1000,,,Limited,25,5,2023-12-29
PLAN000599,UScellular,UScellular Entertainment Pack,TV,14.6,19.99,0,,,,No,,5,2017-09-02
PLAN000600,Google Fiber,Google Fiber Fiber 300Mbps,Internet,181.06,49.99,0,,,,Yes,300,15,2018-01-29
PLAN000601,AT&T,AT&T Basic,Mobile,122.32,9.99,24,50,,1000,Yes,300,10,2021-01-20
PLAN000602,Cox,Cox Stream Bundle,TV,17.9,19.99,12,,,,No,,5,2023-05-21
PLAN000603,T-Mobile,T-Mobile Unlimited,Mobile,56.37,29.99,12,,2000,,No,1000,5,2017-11-15
PLAN000604,Frontier,Frontier Complete Bundle Basic,Bundle,199.8,29.99,24,,1000,1000,Limited,500,15,2020-10-04
PLAN000605,AT&T,AT&T Family,Mobile,95.65,29.99,0,,500,100,No,10,15,2017-07-01
PLAN000606,UScellular,UScellular Sports Pack,TV,46.12,19.99,24,,,,No,,5,2025-03-25
PLAN000607,Google Fiber,Google Fiber Fiber 25Mbps,Internet,46.2,49.99,24,,,,No,25,10,2017-08-30
PLAN000608,Google Fiber,Google Fiber Complete Bundle Basic,Bundle,100.48,29.99,12,500,,,Limited,1000,15,2022-04-20
PLAN000609,AT&T,AT&T Unlimited,Mobile,53.84,9.99,24,10,1000,100,Yes,10,15,2015-07-15
PLAN000610,Verizon,Verizon Complete Bundle Basic,Bundle,96.24,49.99,24,500,,,Yes,100,5,2019-08-07
PLAN000611,Verizon,Verizon 5G Unlimited,Mobile,105.4,0.0,12,50,,100,Yes,50,0,2016-04-16
PLAN000612,Cox,Cox 5G Plus,Mobile,91.95,9.99,12,100,,1000,Limited,10,0,2015-06-12
PLAN000613,Xfinity,Xfinity Family,Mobile,71.63,0.0,0,5,2000,100,Yes,100,15,2015-08-10
PLAN000614,T-Mobile,T-Mobile Complete Bundle Basic,Bundle,108.73,49.99,12,1000,1000,1000,Yes,100,20,2022-12-12
PLAN000615,AT&T,AT&T Complete Bundle Pro,Bundle,215.27,29.99,12,,1000,,Yes,1000,10,2025-07-16
PLAN000616,Google Fiber,Google Fiber Fiber 300Mbps,Internet,40.38,99.99,24,500,,,Yes,300,20,2025-05-24
PLAN000617,T-Mobile,T-Mobile Fiber 100Mbps,Internet,126.78,99.99,12,500,,,Yes,100,10,2018-01-18
PLAN000618,Mint Mobile,Mint Mobile Unlimited,Mobile,116.76,0.0,0,100,2000,1000,Limited,100,10,2023-12-30
PLAN000619,Spectrum,Spectrum Complete Bundle Plus,Bundle,141.72,99.99,12,1000,1000,1000,Yes,1000,10,2017-10-16
PLAN000620,Cox,Cox Fiber 100Mbps,Internet,133.97,49.99,0,,,,No,100,5,2015-11-04
PLAN000621,Frontier,Frontier Complete Bundle Basic,Bundle,148.27,49.99,24,1000,1000,,Limited,100,0,2018-05-02
PLAN000622,Google Fiber,Google Fiber Complete Bundle Pro,Bundle,276.33,49.99,12,1000,1000,,Limited,1000,20,2021-02-04
PLAN000623,AT&T,AT&T Complete Bundle Basic,Bundle,205.49,99.99,24,,,,Yes,1000,10,2025-03-17
PLAN000624,Frontier,Frontier 5G Unlimited,Mobile,56.78,9.99,24,10,1000,500,No,1000,0,2024-01-17
PLAN000625,UScellular,UScellular Premium Channels,TV,89.5,0.0,24,,,,No,,20,2016-05-31
PLAN000626,Verizon,Verizon Complete Bundle Pro,Bundle,240.48,49.99,12,,,1000,Limited,1000,10,2017-12-18
PLAN000627,Spectrum,Spectrum Complete Bundle Pro,Bundle,154.1,99.99,12,,,,Yes,300,20,2018-04-07
PLAN000628,Spectrum,Spectrum Complete Bundle Plus,Bundle,287.38,29.99,12,,,,Limited,500,0,2023-12-01
PLAN000629,Xfinity,Xfinity Fiber 200Mbps,Internet,165.67,99.99,24,,,,Yes,200,0,2020-05-10
PLAN000630,Spectrum,Spectrum Premium Channels,TV,37.21,9.99,12,,,,No,,5,2025-05-02
PLAN000631,Verizon,Verizon Entertainment Pack,TV,16.23,19.99,24,,,,No,,15,2018-01-29
PLAN000632,Cox,Cox Premium Channels,TV,43.11,9.99,12,,,,No,,0,2018-05-25
PLAN000633,Google Fiber,Google Fiber Complete Bundle Plus,Bundle,194.86,99.99,12,500,1000,1000,Limited,100,5,2021-06-15
PLAN000634,Spectrum,Spectrum Sports Pack,TV,65.96,0.0,0,,,,No,,5,2015-12-05
PLAN000635,Spectrum,Spectrum Sports Pack,TV,88.89,19.99,12,,,,No,,5,2023-09-18
PLAN000636,Xfinity,Xfinity Unlimited,Mobile,84.61,9.99,0,100,1000,,Yes,100,0,2019-04-03
PLAN000637,Frontier,Frontier Fiber 100Mbps,Internet,167.52,0.0,12,,,,No,100,20,2016-08-25
PLAN000638,T-Mobile,T-Mobile 5G Unlimited,Mobile,64.74,29.99,12,,500,500,Yes,10,0,2018-11-11
PLAN000639,Mint Mobile,Mint Mobile Entertainment Pack,TV,50.17,19.99,12,,,,No,,20,2019-10-11
PLAN000640,Google Fiber,Google Fiber Complete Bundle Basic,Bundle,56.35,99.99,12,1000,,,Yes,300,15,2017-02-18
PLAN000641,Mint Mobile,Mint Mobile Stream Bundle,TV,83.82,9.99,0,,,,No,,5,2021-02-27
PLAN000642,Mint Mobile,Mint Mobile 5G Unlimited,Mobile,62.99,0.0,24,5,500,500,No,1000,15,2020-02-19
PLAN000643,Cox,Cox Complete Bundle Plus,Bundle,292.84,99.99,12,500,,,Yes,1000,15,2017-07-09
PLAN000644,Frontier,Frontier Complete Bundle Basic,Bundle,153.43,29.99,12,500,1000,1000,Yes,100,5,2022-12-23
PLAN000645,UScellular,UScellular Complete Bundle Basic,Bundle,251.66,0.0,12,500,,,Limited,300,10,2018-10-10
PLAN000646,UScellular,UScellular Complete Bundle Pro,Bundle,200.79,99.99,12,,1000,1000,Yes,300,0,2019-10-30
PLAN000647,Frontier,Frontier Complete Bundle Pro,Bundle,216.88,49.99,24,500,,1000,Limited,1000,15,2019-11-02
PLAN000648,Mint Mobile,Mint Mobile Sports Pack,TV,88.82,9.99,12,,,,No,,5,2021-08-02
PLAN000649,AT&T,AT&T Fiber 50Mbps,Internet,74.9,0.0,12,,,,No,50,0,2018-08-20
PLAN000650,Mint Mobile,Mint Mobile Fiber 50Mbps,Internet,180.9,0.0,24,500,,,Limited,50,10,2018-09-16
PLAN000651,Verizon,Verizon 5G Plus,Mobile,125.86,0.0,24,50,,500,No,50,20,2019-12-03
PLAN000652,Mint Mobile,Mint Mobile Complete Bundle Plus,Bundle,107.81,49.99,24,,,,Limited,300,0,2022-04-09
PLAN000653,Xfinity,Xfinity Premium Channels,TV,73.3,0.0,0,,,,No,,5,2022-10-16
PLAN000654,Cox,Cox Complete Bundle Plus,Bundle,262.76,49.99,12,,,,Limited,300,20,2022-01-15
PLAN000655,Mint Mobile,Mint Mobile 5G Unlimited,Mobile,116.2,0.0,24,100,2000,,Yes,50,10,2015-09-10
PLAN000656,UScellular,UScellular Fiber 50Mbps,Internet,113.12,49.99,24,1000,,,Limited,50,5,2018-11-22
PLAN000657,Xfinity,Xfinity Complete Bundle Pro,Bundle,218.41,29.99,24,500,,,Limited,1000,15,2022-05-18
PLAN000658,Mint Mobile,Mint Mobile Entertainment Pack,TV,88.35,9.99,24,,,,No,,5,2024-04-27
PLAN000659,UScellular,UScellular Fiber 100Mbps,Internet,138.93,0.0,24,,,,Limited,100,5,2022-11-16
PLAN000660,T-Mobile,T-Mobile Stream Bundle,TV,21.59,19.99,0,,,,No,,10,2016-10-15
PLAN000661,Google Fiber,Google Fiber Basic,Mobile,23.63,29.99,24,100,500,,Yes,10,20,2023-02-21
PLAN000662,Cox,Cox 5G Plus,Mobile,66.66,0.0,0,100,,,No,10,15,2019-04-10
PLAN000663,T-Mobile,T-Mobile Premium Channels,TV,35.47,19.99,12,,,,No,,10,2018-05-13
PLAN000664,AT&T,AT&T Unlimited,Mobile,57.45,9.99,24,100,500,100,Limited,100,15,2015-10-08
PLAN000665,Xfinity,Xfinity Complete Bundle Basic,Bundle,107.77,99.99,24,500,1000,,Limited,300,5,2017-03-10
PLAN000666,UScellular,UScellular Complete Bundle Basic,Bundle,89.21,99.99,24,1000,1000,1000,Limited,300,15,2016-06-21
PLAN000667,Verizon,Verizon Complete Bundle Pro,Bundle,134.88,99.99,24,,1000,,Yes,100,10,2019-11-16
PLAN000668,Xfinity,Xfinity Unlimited,Mobile,78.95,0.0,24,50,500,1000,No,300,10,2015-12-08
PLAN000669,Spectrum,Spectrum Complete Bundle Basic,Bundle,125.76,29.99,12,1000,,,Yes,500,20,2025-09-30
PLAN000670,Spectrum,Spectrum Fiber 300Mbps,Internet,60.93,19.99,24,,,,Yes,300,0,2023-03-20
PLAN000671,Spectrum,Spectrum Fiber 300Mbps,Internet,120.19,0.0,12,,,,No,300,20,2018-09-28
PLAN000672,UScellular,UScellular Family,Mobile,87.38,0.0,0,10,500,500,Limited,50,20,2021-11-23
PLAN000673,Frontier,Frontier Entertainment Pack,TV,28.1,19.99,24,,,,No,,0,2016-02-26
PLAN000674,Verizon,Verizon Fiber 200Mbps,Internet,163.4,0.0,24,,,,Limited,200,20,2018-06-24
PLAN000675,T-Mobile,T-Mobile Fiber 500Mbps,Internet,117.99,19.99,24,,,,Limited,500,10,2015-11-13
PLAN000676,UScellular,UScellular Stream Bundle,TV,43.56,9.99,0,,,,No,,5,2016-08-28
PLAN000677,UScellular,UScellular Entertainment Pack,TV,80.32,9.99,12,,,,No,,0,2015-01-22
PLAN000678,T-Mobile,T-Mobile Sports Pack,TV,87.4,9.99,0,,,,No,,5,2024-06-17
PLAN000679,Google Fiber,Google Fiber Complete Bundle Pro,Bundle,149.19,0.0,24,,,,Limited,300,20,2022-04-16
PLAN000680,Verizon,Verizon 5G Unlimited,Mobile,34.85,0.0,0,50,2000,100,No,300,0,2017-03-26
PLAN000681,Mint Mobile,Mint Mobile Complete Bundle Basic,Bundle,76.66,29.99,24,500,1000,1000,Yes,300,15,2025-07-09
PLAN000682,UScellular,UScellular 5G Unlimited,Mobile,37.31,9.99,0,20,,100,No,1000,5,2019-03-08
PLAN000683,Mint Mobile,Mint Mobile Family,Mobile,67.52,9.99,24,20,500,,No,300,15,2015-01-08
PLAN000684,Xfinity,Xfinity Complete Bundle Plus,Bundle,262.84,99.99,24,1000,,1000,Limited,500,20,2015-05-23
PLAN000685,Mint Mobile,Mint Mobile Family,Mobile,131.2,0.0,24,20,500,500,Limited,300,5,2017-02-14
PLAN000686,Spectrum,Spectrum Complete Bundle Plus,Bundle,229.43,99.99,24,,1000,1000,Yes,300,0,2022-05-04
PLAN000687,AT&T,AT&T Fiber 200Mbps,Internet,181.6,19.99,0,,,,No,200,20,2015-08-27
PLAN000688,AT&T,AT&T Complete Bundle Plus,Bundle,189.13,99.99,12,1000,,1000,Limited,100,15,2018-01-13
PLAN000689,Verizon,Verizon Premium Channels,TV,16.13,9.99,24,,,,No,,15,2024-12-12
PLAN000690,Verizon,Verizon Fiber 100Mbps,Internet,170.12,0.0,12,1000,,,No,100,10,2017-11-29
PLAN000691,Xfinity,Xfinity Unlimited,Mobile,34.63,9.99,24,20,2000,100,Yes,50,0,2019-04-27
PLAN000692,Spectrum,Spectrum Premium Channels,TV,93.5,9.99,0,,,,No,,15,2015-08-29
PLAN000693,Xfinity,Xfinity Unlimited,Mobile,129.53,29.99,12,50,,100,No,10,20,2024-03-27
PLAN000694,Mint Mobile,Mint Mobile Fiber 25Mbps,Internet,109.33,0.0,24,,,,Limited,25,5,2017-07-14
PLAN000695,Frontier,Frontier Fiber 200Mbps,Internet,65.29,19.99,0,,,,Yes,200,0,2018-06-03
PLAN000696,UScellular,UScellular Complete Bundle Pro,Bundle,84.74,99.99,24,,1000,,Limited,1000,5,2016-02-11
PLAN000697,Spectrum,Spectrum Premium Channels,TV,98.39,19.99,12,,,,No,,10,2025-08-02
PLAN000698,UScellular,UScellular Fiber 500Mbps,Internet,181.57,49.99,24,,,,No,500,5,2021-02-16
PLAN000699,Spectrum,Spectrum Family,Mobile,64.97,0.0,24,5,1000,1000,Limited,100,15,2017-10-28
PLAN000700,Cox,Cox Entertainment Pack,TV,11.41,9.99,24,,,,No,,0,2023-04-04
PLAN000701,T-Mobile,T-Mobile Complete Bundle Pro,Bundle,114.46,0.0,12,,,,Limited,100,5,2022-11-07
PLAN000702,Spectrum,Spectrum Fiber 300Mbps,Internet,131.37,0.0,24,,,,Limited,300,10,2018-05-30
PLAN000703,UScellular,UScellular Fiber 50Mbps,Internet,98.29,19.99,24,,,,No,50,10,2020-04-13
PLAN000704,Verizon,Verizon Fiber 100Mbps,Internet,184.9,49.99,12,,,,Limited,100,15,2022-04-09
PLAN000705,AT&T,AT&T Complete Bundle Plus,Bundle,177.72,29.99,24,500,,1000,Limited,100,10,2021-08-11
PLAN000706,AT&T,AT&T Entertainment Pack,TV,30.38,9.99,12,,,,No,,5,2016-11-09
PLAN000707,Mint Mobile,Mint Mobile Complete Bundle Basic,Bundle,94.1,99.99,12,,,1000,Yes,300,10,2023-11-19
PLAN000708,Xfinity,Xfinity Sports Pack,TV,24.64,9.99,0,,,,No,,10,2018-11-02
PLAN000709,Spectrum,Spectrum Fiber 50Mbps,Internet,115.26,19.99,12,,,,Yes,50,20,2020-12-20
PLAN000710,Frontier,Frontier Complete Bundle Plus,Bundle,279.34,99.99,24,,1000,,Limited,100,15,2021-12-08
PLAN000711,Google Fiber,Google Fiber Complete Bundle Plus,Bundle,137.05,49.99,24,500,,,Yes,100,20,2020-01-02
PLAN000712,UScellular,UScellular Complete Bundle Basic,Bundle,167.32,0.0,12,500,1000,,Yes,500,5,2016-05-30
PLAN000713,Google Fiber,Google Fiber Fiber 200Mbps,Internet,159.52,99.99,12,,,,Yes,200,20,2015-06-06
PLAN000714,Mint Mobile,Mint Mobile Fiber 300Mbps,Internet,158.03,99.99,24,,,,Yes,300,20,2025-03-21
PLAN000715,Xfinity,Xfinity Fiber 200Mbps,Internet,63.97,99.99,24,1000,,,Limited,200,5,2017-02-25
PLAN000716,Cox,Cox Fiber 50Mbps,Internet,98.57,0.0,0,,,,No,50,10,2023-10-25
PLAN000717,Mint Mobile,Mint Mobile Stream Bundle,TV,16.81,0.0,0,,,,No,,20,2021-10-27
PLAN000718,AT&T,AT&T Complete Bundle Plus,Bundle,129.83,49.99,12,1000,1000,1000,Yes,500,15,2024-09-04
PLAN000719,Cox,Cox Stream Bundle,TV,32.27,19.99,24,,,,No,,5,2018-03-27
PLAN000720,T-Mobile,T-Mobile Entertainment Pack,TV,77.93,0.0,0,,,,No,,20,2020-05-18
PLAN000721,Frontier,Frontier Fiber 100Mbps,Internet,185.32,99.99,12,,,,No,100,20,2021-05-25
PLAN000722,Mint Mobile,Mint Mobile Complete Bundle Basic,Bundle,79.75,29.99,24,500,,,Yes,100,0,2018-02-04
PLAN000723,Frontier,Frontier Fiber 200Mbps,Internet,55.45,49.99,0,,,,Limited,200,5,2016-11-26
PLAN000724,Google Fiber,Google Fiber Complete Bundle Plus,Bundle,252.9,0.0,24,500,1000,1000,Limited,300,20,2019-11-01
PLAN000725,UScellular,UScellular Entertainment Pack,TV,93.97,9.99,0,,,,No,,0,2015-09-20
PLAN000726,Frontier,Frontier Fiber 100Mbps,Internet,129.38,19.99,0,500,,,Yes,100,15,2018-08-20
PLAN000727,Frontier,Frontier Premium Channels,TV,19.01,9.99,12,,,,No,,15,2020-10-16
PLAN000728,T-Mobile,T-Mobile Fiber 50Mbps,Internet,41.95,49.99,0,,,,Limited,50,20,2018-10-14
PLAN000729,T-Mobile,T-Mobile Complete Bundle Basic,Bundle,182.02,49.99,12,500,1000,,Limited,300,0,2019-07-17
PLAN000730,Frontier,Frontier Entertainment Pack,TV,11.24,19.99,24,,,,No,,5,2019-09-26
PLAN000731,Mint Mobile,Mint Mobile 5G Unlimited,Mobile,81.86,0.0,0,50,,100,No,10,0,2015-10-04
PLAN000732,T-Mobile,T-Mobile Premium Channels,TV,90.48,9.99,0,,,,No,,5,2024-04-14
PLAN000733,Google Fiber,Google Fiber Stream Bundle,TV,56.92,9.99,24,,,,No,,0,2019-09-02
PLAN000734,Google Fiber,Google Fiber Fiber 50Mbps,Internet,42.03,49.99,0,,,,Yes,50,5,2018-02-01
PLAN000735,AT&T,AT&T Complete Bundle Plus,Bundle,192.56,0.0,12,,,,Limited,1000,5,2018-11-13
PLAN000736,Mint Mobile,Mint Mobile Complete Bundle Basic,Bundle,298.77,29.99,24,,1000,1000,Yes,100,15,2016-07-06
PLAN000737,Google Fiber,Google Fiber Complete Bundle Basic,Bundle,242.3,0.0,12,,,1000,Limited,300,5,2015-01-13
PLAN000738,Spectrum,Spectrum Fiber 25Mbps,Internet,195.55,49.99,0,,,,Yes,25,10,2020-09-20
PLAN000739,Mint Mobile,Mint Mobile Complete Bundle Plus,Bundle,62.61,29.99,12,,,1000,Limited,500,10,2025-06-24
PLAN000740,Spectrum,Spectrum Entertainment Pack,TV,29.95,0.0,24,,,,No,,10,2024-12-18
PLAN000741,UScellular,UScellular Sports Pack,TV,33.27,0.0,0,,,,No,,10,2023-10-28
PLAN000742,Frontier,Frontier Unlimited,Mobile,130.91,0.0,12,,500,500,Limited,50,10,2021-02-12
PLAN000743,UScellular,UScellular Unlimited,Mobile,62.09,29.99,0,20,500,100,Limited,100,20,2022-08-29
PLAN000744,Google Fiber,Google Fiber Basic,Mobile,25.97,29.99,0,20,,500,Limited,100,15,2023-02-21
PLAN000745,AT&T,AT&T Complete Bundle Plus,Bundle,253.91,0.0,12,,,1000,Limited,1000,5,2021-01-31
PLAN000746,T-Mobile,T-Mobile 5G Plus,Mobile,134.02,9.99,12,5,500,500,Yes,100,5,2020-09-01
PLAN000747,Cox,Cox Fiber 500Mbps,Internet,187.25,49.99,12,1000,,,Yes,500,10,2019-01-22
PLAN000748,AT&T,AT&T Fiber 100Mbps,Internet,52.54,0.0,24,,,,No,100,20,2016-07-08
PLAN000749,AT&T,AT&T Unlimited,Mobile,74.6,29.99,24,10,2000,,No,100,20,2017-02-26
PLAN000750,Spectrum,Spectrum Complete Bundle Pro,Bundle,250.3,49.99,12,,,1000,Limited,500,20,2022-01-11
PLAN000751,Cox,Cox Premium Channels,TV,91.48,0.0,0,,,,No,,5,2015-08-11
PLAN000752,Mint Mobile,Mint Mobile Sports Pack,TV,30.89,9.99,12,,,,No,,0,2018-05-22
PLAN000753,T-Mobile,T-Mobile Fiber 1000Mbps,Internet,76.11,99.99,24,,,,Limited,1000,5,2020-10-07
PLAN000754,Verizon,Verizon Sports Pack,TV,95.4,19.99,0,,,,No,,15,2021-07-09
PLAN000755,AT&T,AT&T Complete Bundle Basic,Bundle,135.5,29.99,12,1000,,1000,Yes,300,10,2017-02-05
PLAN000756,Mint Mobile,Mint Mobile Fiber 200Mbps,Internet,152.81,0.0,0,,,,Yes,200,5,2019-04-08
PLAN000757,UScellular,UScellular Complete Bundle Pro,Bundle,114.66,99.99,24,1000,1000,1000,Yes,1000,0,2016-06-08
PLAN000758,Cox,Cox Complete Bundle Pro,Bundle,181.84,29.99,24,500,,1000,Yes,100,15,2024-08-31
PLAN000759,Xfinity,Xfinity Entertainment Pack,TV,92.24,0.0,24,,,,No,,15,2019-10-31
PLAN000760,AT&T,AT&T Fiber 25Mbps,Internet,119.08,0.0,24,,,,No,25,0,2022-12-19
PLAN000761,Spectrum,Spectrum Sports Pack,TV,72.26,19.99,24,,,,No,,5,2018-07-27
PLAN000762,Xfinity,Xfinity Fiber 200Mbps,Internet,126.92,19.99,0,,,,Limited,200,0,2021-02-14
PLAN000763,Verizon,Verizon Complete Bundle Plus,Bundle,273.33,49.99,12,,1000,,Yes,1000,15,2016-10-04
PLAN000764,UScellular,UScellular 5G Unlimited,Mobile,30.38,29.99,12,5,,,Yes,100,0,2021-05-06
PLAN000765,Xfinity,Xfinity Fiber 25Mbps,Internet,120.51,0.0,0,1000,,,No,25,20,2015-03-06
PLAN000766,Xfinity,Xfinity Complete Bundle Pro,Bundle,178.52,29.99,12,500,,,Limited,100,10,2025-06-20
PLAN000767,UScellular,UScellular 5G Plus,Mobile,131.85,9.99,12,,500,,No,50,10,2019-08-29
PLAN000768,Xfinity,Xfinity Complete Bundle Basic,Bundle,62.26,99.99,12,,,,Limited,100,0,2019-09-29
PLAN000769,Mint Mobile,Mint Mobile Unlimited,Mobile,59.9,0.0,0,5,500,,Limited,1000,5,2025-05-07
PLAN000770,Google Fiber,Google Fiber Family,Mobile,46.56,9.99,24,20,1000,1000,Yes,50,10,2023-07-13
PLAN000771,AT&T,AT&T Fiber 25Mbps,Internet,142.22,0.0,24,500,,,Yes,25,10,2025-08-21
PLAN000772,T-Mobile,T-Mobile Basic,Mobile,107.57,9.99,12,50,500,1000,No,300,10,2025-04-10
PLAN000773,Frontier,Frontier Basic,Mobile,55.88,29.99,24,20,500,,No,1000,20,2024-06-21
PLAN000774,Google Fiber,Google Fiber Entertainment Pack,TV,39.83,0.0,24,,,,No,,15,2022-09-20
PLAN000775,Google Fiber,Google Fiber Premium Channels,TV,99.55,19.99,24,,,,No,,0,2023-07-02
PLAN000776,Google Fiber,Google Fiber Complete Bundle Basic,Bundle,154.53,29.99,12,,,,Limited,300,0,2019-06-13
PLAN000777,Verizon,Verizon Complete Bundle Pro,Bundle,173.2,99.99,24,500,1000,,Limited,300,0,2016-06-19
PLAN000778,Frontier,Frontier Fiber 25Mbps,Internet,198.96,99.99,12,,,,No,25,15,2021-05-25
PLAN000779,Verizon,Verizon Unlimited,Mobile,25.33,29.99,12,50,,500,Yes,10,15,2015-09-19
PLAN000780,UScellular,UScellular Entertainment Pack,TV,99.23,9.99,12,,,,No,,20,2024-06-29
PLAN000781,Xfinity,Xfinity Fiber 500Mbps,Internet,73.68,49.99,12,1000,,,No,500,15,2025-07-15
PLAN000782,Cox,Cox 5G Unlimited,Mobile,37.37,9.99,0,10,1000,,No,10,15,2022-02-22
PLAN000783,UScellular,UScellular Complete Bundle Plus,Bundle,213.87,29.99,24,500,,1000,Limited,300,20,2017-07-16
PLAN000784,AT&T,AT&T Complete Bundle Pro,Bundle,221.23,29.99,12,1000,1000,1000,Yes,1000,5,2025-05-11
PLAN000785,UScellular,UScellular Fiber 100Mbps,Internet,192.77,0.0,0,500,,,No,100,10,2016-01-31
PLAN000786,Spectrum,Spectrum Fiber 50Mbps,Internet,59.97,19.99,12,,,,Limited,50,10,2016-07-29
PLAN000787,T-Mobile,T-Mobile Fiber 50Mbps,Internet,153.78,99.99,12,,,,No,50,5,2016-09-07
PLAN000788,AT&T,AT&T Fiber 50Mbps,Internet,138.11,49.99,12,500,,,No,50,15,2024-10-05
PLAN000789,Google Fiber,Google Fiber Fiber 300Mbps,Internet,46.75,99.99,0,1000,,,No,300,15,2016-06-02
PLAN000790,Mint Mobile,Mint Mobile Basic,Mobile,48.28,0.0,0,,1000,100,Yes,300,20,2021-02-04
PLAN000791,Frontier,Frontier Entertainment Pack,TV,88.58,0.0,0,,,,No,,15,2020-05-02
PLAN000792,Spectrum,Spectrum Complete Bundle Plus,Bundle,188.45,99.99,12,500,1000,,Limited,100,5,2024-04-03
PLAN000793,Cox,Cox Complete Bundle Pro,Bundle,79.81,0.0,24,500,,1000,Limited,1000,20,2017-10-07
PLAN000794,Google Fiber,Google Fiber Sports Pack,TV,54.95,0.0,24,,,,No,,10,2016-09-07
PLAN000795,Xfinity,Xfinity Premium Channels,TV,60.57,9.99,0,,,,No,,15,2024-08-01
PLAN000796,AT&T,AT&T Complete Bundle Pro,Bundle,168.38,29.99,12,1000,,1000,Limited,1000,5,2024-08-13
PLAN000797,Spectrum,Spectrum Fiber 200Mbps,Internet,156.92,99.99,0,,,,No,200,10,2024-12-16
PLAN000798,Spectrum,Spectrum Fiber 1000Mbps,Internet,44.2,49.99,12,,,,Limited,1000,15,2018-08-28
PLAN000799,Verizon,Verizon 5G Plus,Mobile,76.29,9.99,12,,500,,Limited,50,5,2021-05-20
PLAN000800,T-Mobile,T-Mobile Basic,Mobile,118.48,0.0,24,20,1000,1000,Yes,100,20,2025-01-18
PLAN000801,Mint Mobile,Mint Mobile Complete Bundle Plus,Bundle,87.06,99.99,12,500,1000,,Limited,1000,15,2025-05-10
PLAN000802,UScellular,UScellular Stream Bundle,TV,11.26,0.0,0,,,,No,,20,2021-05-04
PLAN000803,Frontier,Frontier Fiber 100Mbps,Internet,145.4,49.99,12,1000,,,Yes,100,5,2018-08-24
PLAN000804,Xfinity,Xfinity Family,Mobile,58.96,9.99,24,20,,100,Yes,50,0,2021-01-01
PLAN000805,Mint Mobile,Mint Mobile Fiber 500Mbps,Internet,184.81,49.99,0,1000,,,Limited,500,5,2020-12-05
PLAN000806,Google Fiber,Google Fiber Unlimited,Mobile,19.12,29.99,0,,500,1000,No,100,0,2018-02-19
PLAN000807,AT&T,AT&T Fiber 50Mbps,Internet,137.7,49.99,12,,,,Limited,50,0,2021-06-15
PLAN000808,Cox,Cox Basic,Mobile,22.75,29.99,12,100,,500,Limited,50,10,2017-06-09
PLAN000809,AT&T,AT&T Complete Bundle Pro,Bundle,272.13,0.0,24,,1000,,Limited,500,5,2021-08-17
PLAN000810,Xfinity,Xfinity Stream Bundle,TV,22.51,9.99,12,,,,No,,20,2016-07-12
PLAN000811,Frontier,Frontier Complete Bundle Pro,Bundle,292.26,29.99,12,500,1000,,Limited,300,10,2022-12-31
PLAN000812,Mint Mobile,Mint Mobile Fiber 300Mbps,Internet,72.24,99.99,0,500,,,Yes,300,10,2018-11-20
PLAN000813,Frontier,Frontier Premium Channels,TV,38.21,9.99,0,,,,No,,10,2023-02-26
PLAN000814,Cox,Cox Premium Channels,TV,29.44,9.99,12,,,,No,,15,2018-01-04
PLAN000815,Google Fiber,Google Fiber Premium Channels,TV,82.61,9.99,0,,,,No,,5,2022-04-03
PLAN000816,UScellular,UScellular Complete Bundle Pro,Bundle,158.98,99.99,24,,,,Yes,500,5,2018-12-31
PLAN000817,Cox,Cox Fiber 50Mbps,Internet,172.43,0.0,0,500,,,Limited,50,0,2019-06-27
PLAN000818,AT&T,AT&T Stream Bundle,TV,36.9,9.99,12,,,,No,,10,2019-09-11
PLAN000819,Xfinity,Xfinity 5G Unlimited,Mobile,69.04,9.99,0,10,2000,1000,No,300,5,2021-08-03
PLAN000820,UScellular,UScellular Complete Bundle Basic,Bundle,196.81,29.99,24,500,1000,1000,Yes,1000,20,2017-02-28
PLAN000821,Xfinity,Xfinity Fiber 500Mbps,Internet,153.64,49.99,24,,,,Yes,500,10,2020-05-04
PLAN000822,AT&T,AT&T Fiber 1000Mbps,Internet,100.86,0.0,0,,,,Limited,1000,15,2018-08-24
PLAN000823,Google Fiber,Google Fiber Complete Bundle Plus,Bundle,74.26,99.99,12,1000,,1000,Limited,100,0,2024-02-12
PLAN000824,Google Fiber,Google Fiber 5G Unlimited,Mobile,25.99,29.99,0,100,,100,Limited,50,15,2018-05-05
PLAN000825,Google Fiber,Google Fiber Complete Bundle Basic,Bundle,245.13,29.99,24,,1000,1000,Limited,300,10,2017-02-24
PLAN000826,Frontier,Frontier Family,Mobile,108.55,9.99,24,100,1000,,Limited,50,15,2021-02-11
PLAN000827,Xfinity,Xfinity Basic,Mobile,60.03,0.0,0,100,,100,Limited,1000,0,2025-06-10
PLAN000828,Google Fiber,Google Fiber 5G Plus,Mobile,56.11,9.99,24,10,,500,Yes,50,5,2022-12-30
PLAN000829,UScellular,UScellular 5G Unlimited,Mobile,89.92,29.99,0,,,100,No,1000,0,2022-11-06
PLAN000830,Spectrum,Spectrum Fiber 1000Mbps,Internet,118.49,0.0,24,1000,,,Limited,1000,0,2022-10-18
PLAN000831,Xfinity,Xfinity Stream Bundle,TV,83.91,9.99,0,,,,No,,0,2016-03-12
PLAN000832,UScellular,UScellular Basic,Mobile,135.63,0.0,12,50,1000,500,Yes,50,0,2021-07-18
PLAN000833,UScellular,UScellular Fiber 300Mbps,Internet,145.08,49.99,12,1000,,,No,300,20,2025-05-28
PLAN000834,AT&T,AT&T Unlimited,Mobile,132.88,9.99,0,,1000,500,Yes,100,5,2016-11-25
PLAN000835,UScellular,UScellular Complete Bundle Plus,Bundle,78.88,99.99,24,,,1000,Limited,300,10,2020-04-07
PLAN000836,Xfinity,Xfinity Fiber 500Mbps,Internet,104.08,19.99,0,1000,,,Limited,500,5,2018-08-05
PLAN000837,Spectrum,Spectrum Complete Bundle Basic,Bundle,280.04,49.99,24,500,,,Yes,500,0,2015-06-30
PLAN000838,Cox,Cox Unlimited,Mobile,88.6,29.99,0,10,,100,Yes,1000,15,2021-11-21
PLAN000839,T-Mobile,T-Mobile Complete Bundle Pro,Bundle,96.87,99.99,24,1000,,1000,Limited,300,0,2018-09-28
PLAN000840,Mint Mobile,Mint Mobile Premium Channels,TV,79.56,0.0,24,,,,No,,0,2020-08-30
PLAN000841,Frontier,Frontier Fiber 200Mbps,Internet,97.86,0.0,0,,,,Limited,200,5,2023-01-17
PLAN000842,UScellular,UScellular Fiber 100Mbps,Internet,88.75,99.99,24,1000,,,Yes,100,5,2019-12-07
PLAN000843,Spectrum,Spectrum Complete Bundle Basic,Bundle,288.81,29.99,12,1000,1000,1000,Yes,300,10,2016-11-15
PLAN000844,UScellular,UScellular Fiber 50Mbps,Internet,88.55,49.99,0,1000,,,Limited,50,5,2024-11-16
PLAN000845,T-Mobile,T-Mobile Sports Pack,TV,20.04,9.99,24,,,,No,,10,2021-09-04
PLAN000846,Verizon,Verizon Premium Channels,TV,83.85,19.99,24,,,,No,,0,2015-12-10
PLAN000847,Verizon,Verizon Complete Bundle Plus,Bundle,71.25,29.99,24,500,,,Limited,500,20,2023-02-05
PLAN000848,UScellular,UScellular Sports Pack,TV,64.02,19.99,24,,,,No,,10,2023-01-12
PLAN000849,Xfinity,Xfinity Fiber 1000Mbps,Internet,106.17,19.99,0,1000,,,No,1000,10,2025-02-10
PLAN000850,Xfinity,Xfinity Complete Bundle Basic,Bundle,275.86,29.99,24,500,1000,1000,Yes,500,20,2016-12-10
PLAN000851,Frontier,Frontier Basic,Mobile,102.86,0.0,12,,1000,500,Limited,10,10,2022-04-28
PLAN000852,Google Fiber,Google Fiber Complete Bundle Pro,Bundle,125.98,49.99,12,,,1000,Yes,500,20,2021-03-27
PLAN000853,T-Mobile,T-Mobile Stream Bundle,TV,49.56,0.0,12,,,,No,,5,2025-06-13
PLAN000854,AT&T,AT&T Family,Mobile,101.43,0.0,24,5,,100,Limited,100,15,2024-10-19
PLAN000855,Google Fiber,Google Fiber Complete Bundle Plus,Bundle,155.52,29.99,24,500,1000,,Yes,100,15,2018-08-02
PLAN000856,Cox,Cox Fiber 500Mbps,Internet,107.23,0.0,0,,,,Yes,500,15,2017-08-31
PLAN000857,Mint Mobile,Mint Mobile Complete Bundle Basic,Bundle,285.22,29.99,24,,1000,,Limited,100,15,2015-09-05
PLAN000858,Cox,Cox Family,Mobile,26.77,29.99,24,10,2000,500,Limited,1000,0,2017-07-31
PLAN000859,UScellular,UScellular Fiber 50Mbps,Internet,161.8,0.0,0,1000,,,Limited,50,20,2025-06-21
PLAN000860,Xfinity,Xfinity Complete Bundle Pro,Bundle,219.03,0.0,24,,,,Yes,100,20,2021-01-31
PLAN000861,Verizon,Verizon Complete Bundle Plus,Bundle,75.43,99.99,24,,1000,1000,Limited,300,20,2019-08-12
PLAN000862,Mint Mobile,Mint Mobile Complete Bundle Plus,Bundle,85.2,99.99,12,,1000,,Yes,500,10,2017-05-13
PLAN000863,Xfinity,Xfinity 5G Unlimited,Mobile,56.76,29.99,12,10,500,1000,No,300,5,2019-02-08
PLAN000864,AT&T,AT&T Sports Pack,TV,49.47,9.99,24,,,,No,,5,2016-05-09
PLAN000865,Verizon,Verizon Complete Bundle Pro,Bundle,264.0,0.0,12,,1000,,Yes,500,15,2019-10-16
PLAN000866,Verizon,Verizon Sports Pack,TV,66.0,19.99,12,,,,No,,15,2021-01-20
PLAN000867,T-Mobile,T-Mobile Fiber 1000Mbps,Internet,173.61,99.99,0,,,,Limited,1000,15,2025-07-21
PLAN000868,Google Fiber,Google Fiber Basic,Mobile,71.52,0.0,12,5,2000,1000,Yes,50,10,2023-04-27
PLAN000869,Xfinity,Xfinity Complete Bundle Basic,Bundle,217.46,29.99,24,,,,Limited,300,15,2023-05-03
PLAN000870,Google Fiber,Google Fiber Family,Mobile,79.92,29.99,24,10,1000,500,Limited,50,0,2022-03-31
PLAN000871,Cox,Cox Fiber 1000Mbps,Internet,151.81,19.99,24,,,,Yes,1000,10,2024-06-27
PLAN000872,Google Fiber,Google Fiber Premium Channels,TV,30.81,19.99,12,,,,No,,5,2019-11-17
PLAN000873,T-Mobile,T-Mobile Fiber 25Mbps,Internet,105.11,99.99,24,,,,Limited,25,15,2025-04-23
PLAN000874,AT&T,AT&T Complete Bundle Basic,Bundle,266.12,99.99,24,1000,,1000,Limited,300,10,2025-05-06
PLAN000875,Verizon,Verizon Fiber 300Mbps,Internet,85.99,49.99,0,500,,,Yes,300,10,2023-12-11
PLAN000876,Mint Mobile,Mint Mobile Complete Bundle Plus,Bundle,65.47,0.0,24,1000,1000,,Yes,500,10,2022-05-31
PLAN000877,Spectrum,Spectrum Unlimited,Mobile,103.3,0.0,12,10,1000,100,No,10,0,2022-06-09
PLAN000878,Cox,Cox Fiber 200Mbps,Internet,34.55,49.99,0,,,,Limited,200,10,2023-02-10
PLAN000879,Google Fiber,Google Fiber Stream Bundle,TV,15.78,9.99,24,,,,No,,15,2025-02-18
PLAN000880,Google Fiber,Google Fiber Unlimited,Mobile,51.95,0.0,12,100,500,1000,Limited,10,0,2015-08-27
PLAN000881,Mint Mobile,Mint Mobile Complete Bundle Plus,Bundle,201.96,0.0,24,1000,,,Yes,500,0,2024-07-17
PLAN000882,AT&T,AT&T Entertainment Pack,TV,97.58,0.0,12,,,,No,,15,2019-04-22
PLAN000883,Frontier,Frontier Fiber 500Mbps,Internet,185.92,99.99,0,,,,No,500,20,2024-05-29
PLAN000884,UScellular,UScellular Fiber 1000Mbps,Internet,46.76,99.99,0,,,,Limited,1000,0,2021-06-29
PLAN000885,AT&T,AT&T Premium Channels,TV,94.98,19.99,0,,,,No,,5,2023-11-19
PLAN000886,T-Mobile,T-Mobile Fiber 25Mbps,Internet,38.68,49.99,0,,,,Yes,25,20,2016-08-12
PLAN000887,AT&T,AT&T Complete Bundle Basic,Bundle,225.62,99.99,12,1000,,,Limited,500,15,2017-03-08
PLAN000888,AT&T,AT&T Complete Bundle Plus,Bundle,100.3,29.99,24,1000,,,Limited,100,10,2015-06-02
PLAN000889,Xfinity,Xfinity Unlimited,Mobile,130.97,29.99,12,,,,No,10,10,2016-06-14
PLAN000890,Spectrum,Spectrum Premium Channels,TV,56.06,9.99,0,,,,No,,10,2023-10-15
PLAN000891,Spectrum,Spectrum Complete Bundle Basic,Bundle,175.23,29.99,24,500,1000,1000,Yes,300,10,2021-04-30
PLAN000892,Google Fiber,Google Fiber Complete Bundle Pro,Bundle,265.14,49.99,12,500,1000,,Limited,1000,0,2023-03-25
PLAN000893,T-Mobile,T-Mobile Fiber 300Mbps,Internet,163.02,49.99,0,1000,,,No,300,0,2024-04-22
PLAN000894,AT&T,AT&T Fiber 500Mbps,Internet,143.07,19.99,12,1000,,,Yes,500,20,2018-04-19
PLAN000895,Verizon,Verizon Sports Pack,TV,46.63,9.99,24,,,,No,,10,2016-08-02
PLAN000896,Verizon,Verizon Complete Bundle Pro,Bundle,98.2,0.0,12,500,,,Yes,300,20,2024-03-16
PLAN000897,T-Mobile,T-Mobile Sports Pack,TV,78.24,9.99,24,,,,No,,10,2018-03-29
PLAN000898,Cox,Cox Unlimited,Mobile,42.91,0.0,0,100,500,,Limited,10,0,2023-12-24
PLAN000899,Cox,Cox Complete Bundle Pro,Bundle,220.16,49.99,24,1000,,1000,Limited,100,0,2020-06-18
PLAN000900,Spectrum,Spectrum Entertainment Pack,TV,41.49,19.99,12,,,,No,,5,2023-04-08
PLAN000901,Verizon,Verizon Complete Bundle Basic,Bundle,144.95,49.99,12,1000,,,Yes,500,15,2025-04-21
PLAN000902,Frontier,Frontier Family,Mobile,70.66,29.99,0,5,1000,500,Yes,10,15,2016-10-17
PLAN000903,T-Mobile,T-Mobile Sports Pack,TV,58.84,19.99,24,,,,No,,5,2016-03-15
PLAN000904,Spectrum,Spectrum 5G Plus,Mobile,32.89,0.0,12,10,500,100,Yes,1000,15,2015-06-10
PLAN000905,Google Fiber,Google Fiber Complete Bundle Basic,Bundle,65.92,0.0,12,500,1000,,Yes,300,20,2024-12-28
PLAN000906,T-Mobile,T-Mobile Fiber 50Mbps,Internet,135.88,49.99,0,,,,No,50,5,2019-06-05
PLAN000907,Cox,Cox Complete Bundle Pro,Bundle,178.39,29.99,12,,1000,1000,Limited,500,15,2018-06-14
PLAN000908,Verizon,Verizon Fiber 25Mbps,Internet,171.23,19.99,12,,,,Yes,25,0,2021-12-09
PLAN000909,Cox,Cox Stream Bundle,TV,94.72,0.0,12,,,,No,,10,2020-02-28
PLAN000910,Xfinity,Xfinity Complete Bundle Plus,Bundle,95.5,99.99,12,1000,,1000,Yes,100,5,2024-02-28
PLAN000911,Xfinity,Xfinity Complete Bundle Pro,Bundle,179.39,29.99,24,500,1000,1000,Limited,500,20,2025-06-17
PLAN000912,Xfinity,Xfinity 5G Unlimited,Mobile,124.16,0.0,0,100,500,,Limited,1000,10,2025-08-12
PLAN000913,Frontier,Frontier Sports Pack,TV,77.52,19.99,0,,,,No,,10,2023-08-31
PLAN000914,Mint Mobile,Mint Mobile Family,Mobile,94.84,0.0,0,50,,1000,Yes,10,15,2018-10-28
PLAN000915,Verizon,Verizon Fiber 500Mbps,Internet,79.3,99.99,12,1000,,,No,500,20,2020-11-20
PLAN000916,Xfinity,Xfinity Fiber 1000Mbps,Internet,156.69,19.99,24,1000,,,No,1000,15,2022-05-04
PLAN000917,UScellular,UScellular Complete Bundle Plus,Bundle,199.96,0.0,12,,1000,1000,Limited,500,20,2020-06-08
PLAN000918,UScellular,UScellular Complete Bundle Basic,Bundle,134.79,49.99,24,,1000,1000,Yes,1000,0,2016-10-06
PLAN000919,Verizon,Verizon Family,Mobile,67.99,9.99,12,5,2000,,Yes,300,0,2021-10-19
PLAN000920,Verizon,Verizon Fiber 1000Mbps,Internet,128.8,99.99,24,,,,No,1000,0,2020-04-05
PLAN000921,Mint Mobile,Mint Mobile Complete Bundle Plus,Bundle,202.01,49.99,24,,1000,1000,Limited,300,15,2021-09-30
PLAN000922,Mint Mobile,Mint Mobile Complete Bundle Pro,Bundle,123.03,99.99,12,,,1000,Limited,500,10,2024-06-04
PLAN000923,Xfinity,Xfinity Sports Pack,TV,68.24,19.99,24,,,,No,,0,2022-11-12
PLAN000924,Spectrum,Spectrum Basic,Mobile,119.33,0.0,24,100,,100,No,300,20,2018-11-02
PLAN000925,UScellular,UScellular Complete Bundle Plus,Bundle,140.06,0.0,24,,,1000,Limited,100,5,2023-02-12
PLAN000926,UScellular,UScellular Fiber 1000Mbps,Internet,124.5,99.99,24,500,,,Yes,1000,5,2018-09-04
PLAN000927,Cox,Cox Sports Pack,TV,53.23,9.99,0,,,,No,,0,2021-12-06
PLAN000928,Xfinity,Xfinity Fiber 25Mbps,Internet,88.67,19.99,24,1000,,,Limited,25,20,2019-06-17
PLAN000929,Frontier,Frontier Complete Bundle Pro,Bundle,112.76,49.99,12,,1000,1000,Yes,300,5,2016-05-07
PLAN000930,Spectrum,Spectrum Sports Pack,TV,89.59,9.99,24,,,,No,,20,2016-07-02
PLAN000931,Frontier,Frontier Fiber 300Mbps,Internet,36.0,99.99,12,,,,Yes,300,0,2020-10-26
PLAN000932,T-Mobile,T-Mobile Sports Pack,TV,58.24,9.99,24,,,,No,,5,2015-05-28
PLAN000933,Cox,Cox Entertainment Pack,TV,75.05,19.99,0,,,,No,,15,2019-07-18
PLAN000934,UScellular,UScellular Stream Bundle,TV,32.77,19.99,12,,,,No,,15,2018-01-31
PLAN000935,UScellular,UScellular Family,Mobile,130.91,29.99,0,5,,,Limited,300,0,2022-06-23
PLAN000936,Spectrum,Spectrum Premium Channels,TV,36.8,9.99,0,,,,No,,0,2021-11-18
PLAN000937,Verizon,Verizon Complete Bundle Pro,Bundle,158.81,49.99,12,1000,,,Limited,100,10,2021-10-07
PLAN000938,Frontier,Frontier Sports Pack,TV,52.23,0.0,24,,,,No,,0,2019-05-23
PLAN000939,UScellular,UScellular Family,Mobile,74.06,9.99,0,100,1000,,Yes,1000,15,2018-10-15
PLAN000940,Frontier,Frontier Complete Bundle Plus,Bundle,298.82,99.99,24,1000,,1000,Limited,500,10,2017-11-22
PLAN000941,Mint Mobile,Mint Mobile Premium Channels,TV,19.47,19.99,24,,,,No,,10,2016-02-05
PLAN000942,T-Mobile,T-Mobile 5G Unlimited,Mobile,129.27,9.99,24,10,,100,Limited,10,15,2015-12-27
PLAN000943,Cox,Cox Entertainment Pack,TV,28.99,0.0,12,,,,No,,0,2021-05-20
PLAN000944,UScellular,UScellular Stream Bundle,TV,22.35,9.99,0,,,,No,,0,2024-09-26
PLAN000945,Spectrum,Spectrum Sports Pack,TV,35.76,0.0,24,,,,No,,20,2019-11-26
PLAN000946,T-Mobile,T-Mobile Fiber 50Mbps,Internet,122.6,19.99,12,500,,,Limited,50,5,2024-09-23
PLAN000947,T-Mobile,T-Mobile Complete Bundle Pro,Bundle,165.66,0.0,12,1000,,,Limited,500,10,2016-11-17
PLAN000948,Verizon,Verizon Fiber 300Mbps,Internet,53.28,19.99,24,,,,Limited,300,10,2016-09-15
PLAN000949,Spectrum,Spectrum Sports Pack,TV,74.33,0.0,0,,,,No,,5,2024-04-28
PLAN000950,Mint Mobile,Mint Mobile Family,Mobile,123.3,0.0,12,10,1000,100,Limited,300,15,2024-07-28
PLAN000951,AT&T,AT&T 5G Unlimited,Mobile,94.25,29.99,24,5,,100,Limited,100,15,2023-01-19
PLAN000952,Google Fiber,Google Fiber Complete Bundle Basic,Bundle,73.9,49.99,24,1000,,1000,Yes,300,10,2016-02-20
PLAN000953,Google Fiber,Google Fiber Unlimited,Mobile,121.22,0.0,24,10,500,,Yes,10,20,2023-02-28
PLAN000954,Google Fiber,Google Fiber Stream Bundle,TV,70.32,9.99,12,,,,No,,5,2023-06-15
PLAN000955,AT&T,AT&T 5G Plus,Mobile,78.21,0.0,12,5,1000,,Yes,50,15,2016-10-05
PLAN000956,Frontier,Frontier Stream Bundle,TV,60.45,9.99,0,,,,No,,20,2019-10-18
PLAN000957,Google Fiber,Google Fiber Fiber 25Mbps,Internet,104.44,0.0,0,1000,,,Yes,25,0,2021-07-29
PLAN000958,Google Fiber,Google Fiber Fiber 25Mbps,Internet,145.57,19.99,24,,,,Limited,25,0,2015-06-23
PLAN000959,UScellular,UScellular Complete Bundle Basic,Bundle,162.12,29.99,12,1000,,,Yes,300,0,2015-12-15
PLAN000960,Google Fiber,Google Fiber Complete Bundle Pro,Bundle,99.5,29.99,12,1000,,1000,Yes,300,15,2022-05-08
PLAN000961,Spectrum,Spectrum Complete Bundle Basic,Bundle,161.51,99.99,12,,,,Yes,300,20,2016-12-30
PLAN000962,Mint Mobile,Mint Mobile Complete Bundle Pro,Bundle,225.14,0.0,24,500,1000,,Limited,1000,10,2025-05-06
PLAN000963,T-Mobile,T-Mobile Complete Bundle Basic,Bundle,170.26,99.99,12,500,1000,,Limited,1000,10,2016-03-05
PLAN000964,Spectrum,Spectrum Fiber 300Mbps,Internet,137.8,99.99,24,500,,,Limited,300,0,2024-08-23
PLAN000965,Spectrum,Spectrum Fiber 1000Mbps,Internet,57.6,49.99,24,,,,Yes,1000,10,2019-05-12
PLAN000966,AT&T,AT&T Fiber 25Mbps,Internet,35.34,19.99,0,500,,,Limited,25,5,2019-06-13
PLAN000967,AT&T,AT&T Stream Bundle,TV,31.18,9.99,0,,,,No,,20,2020-05-06
PLAN000968,Frontier,Frontier Unlimited,Mobile,126.91,29.99,24,5,1000,1000,No,50,15,2018-01-07
PLAN000969,UScellular,UScellular Complete Bundle Basic,Bundle,103.71,0.0,12,500,1000,1000,Yes,100,15,2016-02-01
PLAN000970,Xfinity,Xfinity Complete Bundle Plus,Bundle,103.9,29.99,24,,1000,1000,Limited,500,5,2025-07-18
PLAN000971,Google Fiber,Google Fiber 5G Plus,Mobile,99.04,9.99,0,,1000,,Yes,300,20,2017-11-06
PLAN000972,Xfinity,Xfinity 5G Plus,Mobile,68.83,29.99,24,10,500,,No,1000,15,2015-04-30
PLAN000973,T-Mobile,T-Mobile Stream Bundle,TV,22.02,9.99,24,,,,No,,10,2016-05-01
PLAN000974,Mint Mobile,Mint Mobile Basic,Mobile,26.53,0.0,24,5,,100,Limited,50,10,2024-01-13
PLAN000975,Google Fiber,Google Fiber Sports Pack,TV,78.37,19.99,24,,,,No,,20,2023-06-26
PLAN000976,T-Mobile,T-Mobile Stream Bundle,TV,22.07,9.99,24,,,,No,,10,2024-07-08
PLAN000977,Cox,Cox Premium Channels,TV,50.71,9.99,24,,,,No,,20,2015-06-09
PLAN000978,Verizon,Verizon Complete Bundle Plus,Bundle,163.46,29.99,12,,,1000,Limited,1000,0,2024-10-17
PLAN000979,AT&T,AT&T Fiber 300Mbps,Internet,103.38,49.99,24,,,,Yes,300,15,2023-10-31
PLAN000980,T-Mobile,T-Mobile Sports Pack,TV,12.73,0.0,0,,,,No,,15,2018-09-05
PLAN000981,AT&T,AT&T Complete Bundle Plus,Bundle,274.21,29.99,12,1000,,1000,Limited,100,5,2025-02-01
PLAN000982,Verizon,Verizon Fiber 1000Mbps,Internet,92.56,19.99,0,1000,,,Yes,1000,0,2017-07-31
PLAN000983,Xfinity,Xfinity Fiber 300Mbps,Internet,80.62,99.99,12,,,,No,300,10,2025-05-17
PLAN000984,Mint Mobile,Mint Mobile Sports Pack,TV,84.92,9.99,0,,,,No,,15,2024-03-17
PLAN000985,Verizon,Verizon 5G Plus,Mobile,27.76,0.0,12,20,1000,1000,Yes,1000,20,2020-01-09
PLAN000986,Xfinity,Xfinity Fiber 300Mbps,Internet,32.9,99.99,0,,,,No,300,5,2025-02-05
PLAN000987,Google Fiber,Google Fiber Entertainment Pack,TV,28.28,9.99,0,,,,No,,10,2024-05-05
PLAN000988,Cox,Cox 5G Unlimited,Mobile,88.55,9.99,0,10,1000,1000,Limited,100,15,2023-07-13
PLAN000989,Cox,Cox Stream Bundle,TV,18.29,0.0,24,,,,No,,10,2017-09-07
PLAN000990,Frontier,Frontier Fiber 1000Mbps,Internet,147.35,99.99,24,,,,Limited,1000,20,2019-03-26
PLAN000991,Mint Mobile,Mint Mobile Premium Channels,TV,57.83,0.0,24,,,,No,,20,2016-09-27
PLAN000992,Google Fiber,Google Fiber 5G Unlimited,Mobile,62.5,0.0,0,5,500,500,Limited,10,10,2022-03-10
PLAN000993,Verizon,Verizon Fiber 25Mbps,Internet,37.02,49.99,12,,,,Limited,25,20,2016-06-05
PLAN000994,Frontier,Frontier Sports Pack,TV,38.97,0.0,0,,,,No,,10,2017-01-08
PLAN000995,Frontier,Frontier Entertainment Pack,TV,52.76,0.0,12,,,,No,,20,2017-07-03
PLAN000996,Google Fiber,Google Fiber Fiber 25Mbps,Internet,32.12,19.99,12,,,,Limited,25,5,2015-03-08
PLAN000997,Google Fiber,Google Fiber 5G Unlimited,Mobile,111.8,9.99,24,5,2000,100,No,10,0,2025-06-05
PLAN000998,UScellular,UScellular Premium Channels,TV,36.38,0.0,12,,,,No,,5,2018-02-26
PLAN000999,Cox,Cox Unlimited,Mobile,65.56,29.99,12,,500,500,Yes,1000,5,2020-02-12
PLAN001000,Cox,Cox Fiber 100Mbps,Internet,74.82,19.99,24,,,,Limited,100,15,2024-11-26
