Subscription_ID,Customer_ID,Plan_ID,Start_Date,End_Date,Status,Contract_Type,Auto_Renew,Device_IMEI,Linked_Devices,Current_Balance,Is_Promo
SUB000001,CUST000458,PLAN000002,2023-06-27,,Active,Prepaid,True,,3,50.0,False
SUB000002,CUST000357,PLAN000054,2025-08-08,2025-09-19,Cancelled,Postpaid,False,,1,0.0,False
SUB000003,CUST000326,PLAN000371,2022-06-27,2024-02-07,Cancelled,Postpaid,True,,1,0.0,False
SUB000004,CUST000906,PLAN000931,2021-09-27,2024-12-07,Suspended,Prepaid,False,,2,5.0,False
SUB000005,CUST000344,PLAN000331,2020-12-21,,Active,Prepaid,False,,2,5.0,False
SUB000006,CUST000818,PLAN000532,2021-03-19,2022-09-17,Suspended,Prepaid,True,,1,0.0,True
SUB000007,CUST000990,PLAN000382,2022-02-14,,Active,Prepaid,False,,1,0.0,False
SUB000008,CUST000122,PLAN000940,2023-07-07,,Active,Postpaid,False,,1,0.0,False
SUB000009,CUST000049,PLAN000856,2025-07-14,,Active,Postpaid,True,,1,0.0,False
SUB000010,CUST000036,PLAN000838,2022-12-24,,Active,Prepaid,False,1133008735856,1,100.0,False
SUB000011,CUST000496,PLAN000176,2022-11-17,,Active,Prepaid,True,,1,50.0,True
SUB000012,CUST000681,PLAN000472,2022-01-03,,Active,Prepaid,False,,4,25.0,False
SUB000013,CUST000531,PLAN000025,2022-02-07,2023-12-03,Suspended,Postpaid,True,,1,0.0,False
SUB000014,CUST000627,PLAN000551,2022-11-17,,Active,Postpaid,False,,3,0.0,False
SUB000015,CUST000727,PLAN000946,2024-08-29,2024-11-03,Suspended,Postpaid,False,,1,0.0,False
SUB000016,CUST000955,PLAN000910,2021-09-30,2024-04-29,Cancelled,Prepaid,True,,3,0.0,True
SUB000017,CUST000382,PLAN000907,2022-07-07,,Active,Postpaid,True,,4,0.0,False
SUB000018,CUST000071,PLAN000373,2023-08-16,2024-03-02,Suspended,Prepaid,True,,1,25.0,True
SUB000019,CUST000286,PLAN000258,2023-08-18,,Active,Prepaid,False,,1,0.0,False
SUB000020,CUST000386,PLAN000487,2023-11-10,,Active,Postpaid,False,,4,0.0,False
SUB000021,CUST000816,PLAN000551,2022-04-21,,Active,Prepaid,True,,1,100.0,False
SUB000022,CUST000306,PLAN000656,2021-03-27,,Active,Prepaid,True,,1,10.0,False
SUB000023,CUST000827,PLAN000853,2021-05-02,,Active,Prepaid,False,,1,100.0,False
SUB000024,CUST000581,PLAN000692,2020-12-23,,Active,Postpaid,False,,3,0.0,False
SUB000025,CUST000814,PLAN000712,2025-08-28,2025-10-07,Suspended,Prepaid,False,,4,10.0,False
SUB000026,CUST000828,PLAN000905,2020-11-23,,Active,Prepaid,False,,1,5.0,True
SUB000027,CUST000594,PLAN000453,2023-08-24,,Active,Postpaid,False,,4,0.0,True
SUB000028,CUST000154,PLAN000527,2022-05-21,,Active,Postpaid,False,,2,0.0,False
SUB000029,CUST000036,PLAN000581,2024-11-06,,Active,Postpaid,True,5664657066276,3,0.0,False
SUB000030,CUST000165,PLAN000749,2023-03-01,,Active,Prepaid,False,8416017309366,1,10.0,False
SUB000031,CUST000328,PLAN000137,2020-11-17,,Active,Prepaid,True,,3,100.0,False
SUB000032,CUST000536,PLAN000317,2023-02-14,,Active,Postpaid,True,,1,0.0,False
SUB000033,CUST000162,PLAN000577,2020-05-08,,Active,Prepaid,False,,2,5.0,False
SUB000034,CUST000133,PLAN000335,2024-12-08,2025-02-16,Cancelled,Prepaid,True,,4,0.0,True
SUB000035,CUST000850,PLAN000597,2023-05-22,,Active,Postpaid,False,8860868238451,1,0.0,True
SUB000036,CUST000980,PLAN000997,2022-05-16,2024-01-18,Expired,Prepaid,False,4023643245039,2,10.0,False
SUB000037,CUST000839,PLAN000527,2023-05-12,2023-09-27,Cancelled,Prepaid,False,,1,0.0,True
SUB000038,CUST000950,PLAN000572,2020-09-16,,Active,Prepaid,False,,4,0.0,False
SUB000039,CUST000916,PLAN000533,2020-03-23,2024-08-28,Suspended,Postpaid,True,,1,0.0,False
SUB000040,CUST000485,PLAN000133,2024-07-14,,Active,Prepaid,True,6494938113328,1,100.0,False
SUB000041,CUST000823,PLAN000462,2021-06-29,2023-09-05,Expired,Postpaid,True,,3,0.0,False
SUB000042,CUST000151,PLAN000163,2021-08-01,,Active,Postpaid,False,,1,0.0,False
SUB000043,CUST000123,PLAN000810,2024-11-07,,Active,Prepaid,False,,4,25.0,True
SUB000044,CUST000357,PLAN000546,2021-06-25,2022-04-11,Cancelled,Prepaid,True,7397395402356,4,25.0,False
SUB000045,CUST000799,PLAN000779,2021-08-05,2023-05-02,Suspended,Postpaid,False,3211692788620,4,0.0,False
SUB000046,CUST000174,PLAN000697,2024-02-29,,Active,Prepaid,False,,1,50.0,True
SUB000047,CUST000664,PLAN000676,2022-12-28,,Active,Prepaid,False,,3,5.0,True
SUB000048,CUST000996,PLAN000824,2025-06-05,,Active,Prepaid,True,8226349005319,1,0.0,False
SUB000049,CUST000651,PLAN000790,2024-11-20,,Active,Postpaid,True,3569621810322,1,0.0,True
SUB000050,CUST000533,PLAN000156,2025-04-19,2025-10-07,Suspended,Prepaid,False,,1,100.0,True
SUB000051,CUST000497,PLAN000285,2025-02-01,,Active,Prepaid,False,,1,10.0,True
SUB000052,CUST000055,PLAN000329,2025-01-09,,Active,Postpaid,True,7945754132858,1,0.0,False
SUB000053,CUST000848,PLAN000012,2021-01-02,,Active,Postpaid,False,,2,0.0,False
SUB000054,CUST000567,PLAN000588,2024-07-03,,Active,Prepaid,True,,1,0.0,False
SUB000055,CUST000808,PLAN000386,2024-05-29,,Active,Prepaid,False,,4,0.0,False
SUB000056,CUST000149,PLAN000097,2021-12-23,,Active,Prepaid,True,,2,0.0,False
SUB000057,CUST000524,PLAN000377,2021-12-02,,Active,Prepaid,False,0356783872998,1,100.0,False
SUB000058,CUST000131,PLAN000351,2021-08-31,,Active,Prepaid,True,,3,10.0,False
SUB000059,CUST000699,PLAN000801,2021-05-09,,Active,Prepaid,False,,2,0.0,False
SUB000060,CUST000074,PLAN000054,2022-11-26,,Active,Prepaid,False,,1,0.0,False
SUB000061,CUST000291,PLAN000842,2021-12-10,2024-05-17,Expired,Prepaid,False,,4,0.0,False
SUB000062,CUST000437,PLAN000733,2023-12-16,,Active,Postpaid,True,,1,0.0,False
SUB000063,CUST000472,PLAN000740,2023-10-02,2024-03-19,Suspended,Prepaid,False,,1,0.0,False
SUB000064,CUST000420,PLAN000517,2023-01-06,,Active,Prepaid,True,,3,50.0,False
SUB000065,CUST000067,PLAN000952,2020-06-24,2022-12-09,Expired,Prepaid,False,,1,0.0,False
SUB000066,CUST000734,PLAN000162,2024-01-16,2024-10-17,Expired,Postpaid,False,,1,0.0,True
SUB000067,CUST000399,PLAN000804,2023-06-27,,Active,Postpaid,False,6835467715157,2,0.0,False
SUB000068,CUST000228,PLAN000205,2023-08-22,,Active,Prepaid,False,1216098566472,1,0.0,False
SUB000069,CUST000566,PLAN000652,2022-08-13,2024-11-07,Cancelled,Postpaid,True,,3,0.0,False
SUB000070,CUST000015,PLAN000317,2021-02-06,,Active,Prepaid,True,,4,100.0,False
SUB000071,CUST000996,PLAN000550,2024-09-19,,Active,Postpaid,False,3335892588413,2,0.0,False
SUB000072,CUST000155,PLAN000070,2023-11-30,2025-10-11,Suspended,Postpaid,False,,3,0.0,False
SUB000073,CUST000047,PLAN000596,2025-03-03,2025-08-11,Expired,Postpaid,False,8147012477173,1,0.0,True
SUB000074,CUST000999,PLAN000072,2025-06-15,,Active,Prepaid,True,,1,0.0,True
SUB000075,CUST000769,PLAN000687,2025-06-04,,Active,Postpaid,True,,3,0.0,False
SUB000076,CUST000865,PLAN000653,2021-12-30,2024-06-13,Cancelled,Prepaid,True,,1,5.0,True
SUB000077,CUST000637,PLAN000162,2024-04-16,2024-11-29,Cancelled,Postpaid,False,,4,0.0,False
SUB000078,CUST000726,PLAN000015,2023-09-25,,Active,Postpaid,True,,2,0.0,False
SUB000079,CUST000625,PLAN000233,2022-04-05,2025-07-08,Suspended,Prepaid,False,,1,100.0,False
SUB000080,CUST000479,PLAN000443,2025-05-22,,Active,Postpaid,True,,1,0.0,False
SUB000081,CUST000942,PLAN000296,2021-11-20,,Active,Prepaid,False,0757945669111,1,50.0,False
SUB000082,CUST000620,PLAN000470,2021-10-24,,Active,Postpaid,False,,1,0.0,False
SUB000083,CUST000215,PLAN000412,2020-02-20,,Active,Prepaid,False,,2,25.0,True
SUB000084,CUST000395,PLAN000070,2025-01-07,2025-10-03,Suspended,Prepaid,True,,4,10.0,False
SUB000085,CUST000902,PLAN000562,2020-02-27,2024-07-17,Suspended,Postpaid,False,3321986292716,2,0.0,False
SUB000086,CUST000747,PLAN000803,2024-06-14,2025-07-24,Expired,Prepaid,False,,4,0.0,False
SUB000087,CUST000743,PLAN000235,2021-02-17,,Active,Prepaid,True,,1,10.0,True
SUB000088,CUST000723,PLAN000982,2023-12-02,,Active,Prepaid,True,,2,50.0,False
SUB000089,CUST000443,PLAN000080,2021-04-15,2021-11-20,Suspended,Postpaid,True,3568960213448,1,0.0,False
SUB000090,CUST000066,PLAN000694,2023-06-26,,Active,Prepaid,False,,1,25.0,False
SUB000091,CUST000565,PLAN000480,2025-01-28,,Active,Postpaid,True,1910997534219,3,0.0,False
SUB000092,CUST000795,PLAN000875,2024-05-21,2025-10-17,Expired,Prepaid,True,,2,50.0,False
SUB000093,CUST000557,PLAN000354,2021-01-14,2024-04-20,Suspended,Prepaid,False,,3,50.0,False
SUB000094,CUST000926,PLAN000720,2022-09-30,,Active,Postpaid,False,,1,0.0,False
SUB000095,CUST000898,PLAN000960,2024-06-10,2025-10-25,Expired,Postpaid,True,,1,0.0,False
SUB000096,CUST000771,PLAN000290,2024-04-19,,Active,Postpaid,False,1623353962853,1,0.0,False
SUB000097,CUST000010,PLAN000606,2023-03-20,,Active,Postpaid,False,,3,0.0,False
SUB000098,CUST000307,PLAN000153,2021-04-01,,Active,Postpaid,False,7643013240617,4,0.0,False
SUB000099,CUST000522,PLAN000192,2023-11-07,2025-09-24,Suspended,Postpaid,True,,1,0.0,False
SUB000100,CUST000360,PLAN000650,2021-05-14,,Active,Prepaid,False,,4,10.0,False
SUB000101,CUST000123,PLAN000338,2024-12-04,,Active,Prepaid,False,,2,0.0,True
SUB000102,CUST000271,PLAN000795,2020-02-06,,Active,Prepaid,True,,1,5.0,True
SUB000103,CUST000951,PLAN000102,2023-04-27,,Active,Postpaid,True,0656724619986,1,0.0,False
SUB000104,CUST000326,PLAN000026,2023-02-08,,Active,Prepaid,False,,1,100.0,False
SUB000105,CUST000473,PLAN000216,2025-09-09,,Active,Prepaid,False,,3,50.0,False
SUB000106,CUST000788,PLAN000526,2021-01-19,,Active,Postpaid,False,,4,0.0,True
SUB000107,CUST000267,PLAN000339,2025-08-06,,Active,Postpaid,False,,1,0.0,False
SUB000108,CUST000155,PLAN000230,2021-11-03,,Active,Postpaid,True,0527039736067,2,0.0,False
SUB000109,CUST000345,PLAN000997,2024-12-22,,Active,Postpaid,True,8635789967452,1,0.0,False
SUB000110,CUST000634,PLAN000924,2021-04-02,,Active,Postpaid,False,3045796176472,1,0.0,True
SUB000111,CUST000669,PLAN000203,2020-04-27,,Active,Prepaid,True,,1,10.0,True
SUB000112,CUST000725,PLAN000591,2022-01-19,2025-06-11,Expired,Prepaid,False,,2,0.0,False
SUB000113,CUST000537,PLAN000609,2024-05-01,2024-05-05,Expired,Prepaid,False,2823157946729,1,50.0,False
SUB000114,CUST000681,PLAN000638,2024-02-24,,Active,Prepaid,False,9982618830731,1,50.0,False
SUB000115,CUST000290,PLAN000814,2020-03-10,,Active,Postpaid,True,,4,0.0,True
SUB000116,CUST000578,PLAN000686,2023-09-09,,Active,Postpaid,False,,1,0.0,False
SUB000117,CUST000770,PLAN000236,2022-12-31,,Active,Prepaid,False,9750847791336,1,0.0,False
SUB000118,CUST000049,PLAN000467,2023-11-24,,Active,Prepaid,False,,1,25.0,False
SUB000119,CUST000533,PLAN000212,2023-06-26,2024-10-29,Suspended,Postpaid,False,,1,0.0,False
SUB000120,CUST000448,PLAN000421,2025-05-01,2025-05-16,Cancelled,Postpaid,True,,1,0.0,False
SUB000121,CUST000423,PLAN000754,2021-11-28,2024-03-20,Suspended,Prepaid,False,,4,100.0,False
SUB000122,CUST000928,PLAN000581,2025-03-02,,Active,Postpaid,False,0120458797816,1,0.0,False
SUB000123,CUST000294,PLAN000183,2023-12-03,,Active,Prepaid,False,0075693784254,1,5.0,False
SUB000124,CUST000813,PLAN000003,2022-12-13,2025-08-20,Cancelled,Prepaid,True,,4,5.0,False
SUB000125,CUST000691,PLAN000299,2023-06-28,,Active,Postpaid,False,,4,0.0,False
SUB000126,CUST000563,PLAN000474,2024-11-20,2025-07-25,Expired,Postpaid,False,6960887301228,4,0.0,True
SUB000127,CUST000757,PLAN000277,2023-11-12,2024-11-15,Expired,Postpaid,True,2033808499473,1,0.0,False
SUB000128,CUST000355,PLAN000977,2022-10-04,,Active,Postpaid,True,,2,0.0,False
SUB000129,CUST000837,PLAN000293,2023-08-14,,Active,Postpaid,False,,1,0.0,False
SUB000130,CUST000954,PLAN000227,2024-04-17,,Active,Prepaid,True,,1,0.0,False
SUB000131,CUST000733,PLAN000694,2025-03-26,,Active,Postpaid,False,,3,0.0,False
SUB000132,CUST000541,PLAN000171,2021-07-30,,Active,Prepaid,False,,4,0.0,False
SUB000133,CUST000326,PLAN000446,2021-04-23,,Active,Postpaid,False,,1,0.0,False
SUB000134,CUST000118,PLAN000530,2021-10-06,,Active,Postpaid,False,,1,0.0,False
SUB000135,CUST000440,PLAN000795,2021-10-11,2025-05-20,Suspended,Prepaid,False,,2,100.0,False
SUB000136,CUST000426,PLAN000759,2020-06-16,,Active,Postpaid,False,,3,0.0,True
SUB000137,CUST000180,PLAN000468,2024-09-12,,Active,Postpaid,True,6210053021646,3,0.0,False
SUB000138,CUST000965,PLAN000866,2020-03-21,2025-09-03,Expired,Postpaid,True,,3,0.0,False
SUB000139,CUST000621,PLAN000587,2021-11-28,2023-12-07,Expired,Postpaid,True,6374729164270,2,0.0,True
SUB000140,CUST000222,PLAN000125,2020-04-16,,Active,Prepaid,True,,3,5.0,False
SUB000141,CUST000066,PLAN000554,2023-02-15,,Active,Prepaid,False,,1,0.0,False
SUB000142,CUST000784,PLAN000059,2023-08-06,,Active,Prepaid,False,,1,100.0,False
SUB000143,CUST000661,PLAN000660,2022-10-15,2024-10-30,Suspended,Postpaid,False,,3,0.0,False
SUB000144,CUST000427,PLAN000706,2025-01-13,,Active,Postpaid,True,,1,0.0,False
SUB000145,CUST000599,PLAN000224,2020-01-05,2020-01-29,Suspended,Prepaid,True,2765340073137,1,100.0,False
SUB000146,CUST000447,PLAN000475,2020-10-18,,Active,Prepaid,False,2481524016070,1,50.0,False
SUB000147,CUST000976,PLAN000791,2024-02-07,,Active,Prepaid,True,,4,10.0,True
SUB000148,CUST000934,PLAN000013,2024-07-14,,Active,Prepaid,False,2505954265207,1,5.0,False
SUB000149,CUST000917,PLAN000212,2025-05-19,2025-08-01,Expired,Prepaid,True,,4,25.0,False
SUB000150,CUST000252,PLAN000430,2025-09-27,,Active,Prepaid,False,,1,0.0,True
SUB000151,CUST000634,PLAN000615,2022-03-20,2023-09-12,Cancelled,Prepaid,True,,1,0.0,False
SUB000152,CUST000006,PLAN000716,2024-04-29,,Active,Prepaid,False,,3,10.0,False
SUB000153,CUST000504,PLAN000049,2020-08-30,,Active,Postpaid,False,9219502863468,1,0.0,False
SUB000154,CUST000697,PLAN000072,2022-07-13,,Active,Postpaid,True,,4,0.0,True
SUB000155,CUST000965,PLAN000090,2021-05-20,,Active,Prepaid,True,7179920071914,1,0.0,False
SUB000156,CUST000503,PLAN000879,2020-04-11,,Active,Postpaid,False,,1,0.0,False
SUB000157,CUST000800,PLAN000777,2022-08-04,2022-12-12,Suspended,Prepaid,False,,1,25.0,False
SUB000158,CUST000895,PLAN000752,2023-10-09,,Active,Postpaid,True,,3,0.0,True
SUB000159,CUST000771,PLAN000312,2023-05-06,2024-12-12,Cancelled,Postpaid,True,,2,0.0,False
SUB000160,CUST000876,PLAN000402,2021-09-21,2023-12-07,Suspended,Prepaid,False,,1,25.0,False
SUB000161,CUST000561,PLAN000694,2023-08-25,2024-04-28,Expired,Prepaid,False,,3,5.0,False
SUB000162,CUST000232,PLAN000352,2022-02-24,,Active,Postpaid,False,,4,0.0,False
SUB000163,CUST000345,PLAN000066,2022-10-11,,Active,Prepaid,False,,1,5.0,False
SUB000164,CUST000910,PLAN000392,2021-06-01,2023-07-01,Expired,Postpaid,True,,1,0.0,False
SUB000165,CUST000837,PLAN000465,2021-10-01,2023-01-10,Expired,Postpaid,False,,4,0.0,False
SUB000166,CUST000708,PLAN000571,2020-03-31,,Active,Prepaid,True,,3,5.0,False
SUB000167,CUST000134,PLAN000415,2025-06-06,,Active,Postpaid,False,,1,0.0,True
SUB000168,CUST000266,PLAN000831,2023-09-05,,Active,Postpaid,False,,1,0.0,True
SUB000169,CUST000803,PLAN000605,2021-06-01,,Active,Postpaid,True,8954662864631,3,0.0,False
SUB000170,CUST000884,PLAN000836,2024-01-26,,Active,Postpaid,True,,3,0.0,False
SUB000171,CUST000103,PLAN000272,2023-01-18,,Active,Prepaid,True,0203791277573,1,50.0,True
SUB000172,CUST000295,PLAN000440,2024-08-19,,Active,Prepaid,False,,1,50.0,True
SUB000173,CUST000577,PLAN000937,2021-09-28,,Active,Postpaid,False,,4,0.0,False
SUB000174,CUST000161,PLAN000654,2023-03-03,,Active,Postpaid,True,,2,0.0,False
SUB000175,CUST000308,PLAN000058,2023-10-17,,Active,Prepaid,False,5878003928575,4,10.0,False
SUB000176,CUST000285,PLAN000931,2024-05-06,2025-07-12,Cancelled,Postpaid,False,,2,0.0,False
SUB000177,CUST000043,PLAN000977,2025-05-25,2025-07-08,Cancelled,Postpaid,True,,1,0.0,True
SUB000178,CUST000815,PLAN000383,2020-08-06,,Active,Prepaid,True,,3,0.0,False
SUB000179,CUST000522,PLAN000194,2023-07-31,2024-09-30,Suspended,Postpaid,True,,1,0.0,True
SUB000180,CUST000193,PLAN000833,2024-02-18,2024-06-19,Expired,Postpaid,True,,1,0.0,False
SUB000181,CUST000169,PLAN000632,2025-06-18,,Active,Postpaid,True,,2,0.0,False
SUB000182,CUST000757,PLAN000547,2024-12-16,2025-07-31,Suspended,Prepaid,True,,4,10.0,False
SUB000183,CUST000389,PLAN000992,2020-01-31,,Active,Prepaid,False,6711127814726,1,25.0,True
SUB000184,CUST000957,PLAN000671,2021-04-13,,Active,Prepaid,True,,3,0.0,True
SUB000185,CUST000076,PLAN000983,2023-12-17,2024-07-15,Expired,Postpaid,False,,3,0.0,True
SUB000186,CUST000672,PLAN000771,2020-12-11,,Active,Prepaid,True,,1,0.0,False
SUB000187,CUST000179,PLAN000733,2025-01-04,,Active,Postpaid,False,,1,0.0,False
SUB000188,CUST000990,PLAN000239,2020-12-28,,Active,Postpaid,False,8954606403307,3,0.0,False
SUB000189,CUST000184,PLAN000722,2021-03-17,,Active,Prepaid,False,,3,50.0,False
SUB000190,CUST000639,PLAN000074,2023-01-20,,Active,Prepaid,True,,2,5.0,False
SUB000191,CUST000190,PLAN000323,2020-02-16,,Active,Postpaid,False,,1,0.0,False
SUB000192,CUST000888,PLAN000140,2023-06-18,,Active,Postpaid,False,,1,0.0,False
SUB000193,CUST000728,PLAN000754,2023-04-10,,Active,Postpaid,True,,1,0.0,True
SUB000194,CUST000098,PLAN000816,2023-04-11,2025-01-17,Cancelled,Prepaid,False,,1,0.0,False
SUB000195,CUST000030,PLAN000913,2023-07-06,,Active,Prepaid,True,,3,10.0,False
SUB000196,CUST000807,PLAN000811,2021-04-15,2023-08-31,Suspended,Postpaid,True,,4,0.0,False
SUB000197,CUST000549,PLAN000158,2021-01-24,2023-09-10,Cancelled,Prepaid,False,,1,0.0,True
SUB000198,CUST000579,PLAN000483,2021-03-18,2022-02-16,Cancelled,Postpaid,False,,2,0.0,False
SUB000199,CUST000962,PLAN000577,2021-01-17,,Active,Postpaid,True,,1,0.0,False
SUB000200,CUST000755,PLAN000362,2025-06-06,2025-07-24,Suspended,Prepaid,True,,1,0.0,False
SUB000201,CUST000688,PLAN000424,2020-09-18,,Active,Prepaid,False,,1,100.0,True
SUB000202,CUST000590,PLAN000425,2023-06-21,2023-08-24,Suspended,Postpaid,True,,1,0.0,False
SUB000203,CUST000608,PLAN000105,2021-05-25,,Active,Prepaid,True,,3,25.0,False
SUB000204,CUST000605,PLAN000978,2023-05-24,2024-06-05,Suspended,Postpaid,False,,2,0.0,True
SUB000205,CUST000095,PLAN000919,2024-11-23,,Active,Postpaid,False,9941506057091,1,0.0,False
SUB000206,CUST000507,PLAN000300,2021-11-24,,Active,Postpaid,True,5187081449744,3,0.0,False
SUB000207,CUST000319,PLAN000478,2021-08-09,,Active,Prepaid,True,,1,0.0,True
SUB000208,CUST000881,PLAN000213,2025-03-02,,Active,Postpaid,True,2104232588800,2,0.0,False
SUB000209,CUST000341,PLAN000506,2020-02-24,,Active,Postpaid,False,,3,0.0,False
SUB000210,CUST000214,PLAN000618,2025-07-07,2025-10-16,Expired,Postpaid,True,7800564454660,3,0.0,True
SUB000211,CUST000214,PLAN000634,2025-06-01,,Active,Prepaid,True,,1,10.0,False
SUB000212,CUST000589,PLAN000929,2025-10-04,2025-10-22,Suspended,Postpaid,False,,3,0.0,False
SUB000213,CUST000838,PLAN000773,2020-01-26,,Active,Prepaid,False,7816024480166,3,100.0,False
SUB000214,CUST000446,PLAN000312,2022-06-17,,Active,Postpaid,False,,1,0.0,False
SUB000215,CUST000925,PLAN000374,2022-09-25,2023-05-27,Expired,Prepaid,False,,1,5.0,True
SUB000216,CUST000856,PLAN000083,2025-04-05,,Active,Prepaid,False,0330826517824,1,10.0,False
SUB000217,CUST000313,PLAN000779,2024-06-18,,Active,Prepaid,False,9877363338871,1,5.0,True
SUB000218,CUST000436,PLAN000178,2025-04-22,,Active,Prepaid,True,,2,0.0,False
SUB000219,CUST000449,PLAN000954,2020-07-15,,Active,Prepaid,True,,3,10.0,True
SUB000220,CUST000077,PLAN000822,2021-08-25,2022-02-12,Expired,Postpaid,True,,1,0.0,False
SUB000221,CUST000204,PLAN000295,2025-08-05,,Active,Prepaid,False,0821884466350,1,5.0,False
SUB000222,CUST000690,PLAN000051,2022-04-16,2024-09-11,Suspended,Prepaid,True,7985362457029,1,0.0,False
SUB000223,CUST000498,PLAN000534,2023-01-24,2023-10-19,Cancelled,Postpaid,False,6738531554560,3,0.0,False
SUB000224,CUST000607,PLAN000707,2024-07-03,2025-06-26,Cancelled,Postpaid,False,,3,0.0,False
SUB000225,CUST000439,PLAN000935,2024-09-26,2024-11-16,Expired,Prepaid,False,9487379820288,1,100.0,False
SUB000226,CUST000987,PLAN000288,2025-10-17,,Active,Postpaid,False,4420470813614,1,0.0,False
SUB000227,CUST000095,PLAN000069,2023-02-23,,Active,Prepaid,False,,3,25.0,False
SUB000228,CUST000287,PLAN000790,2020-09-06,,Active,Prepaid,True,6857224214754,3,0.0,False
SUB000229,CUST000333,PLAN000194,2023-09-08,2025-01-18,Suspended,Postpaid,False,,1,0.0,False
SUB000230,CUST000177,PLAN000015,2020-08-10,,Active,Postpaid,True,,1,0.0,False
SUB000231,CUST000062,PLAN000303,2022-05-21,,Active,Prepaid,False,,2,0.0,False
SUB000232,CUST000903,PLAN000378,2020-10-01,,Active,Postpaid,True,,3,0.0,False
SUB000233,CUST000006,PLAN000051,2021-02-21,,Active,Prepaid,False,9492222575884,4,0.0,True
SUB000234,CUST000971,PLAN000770,2024-05-11,2024-10-06,Expired,Prepaid,False,8708154140090,3,0.0,False
SUB000235,CUST000633,PLAN000974,2024-08-24,,Active,Prepaid,False,5109556835695,1,0.0,False
SUB000236,CUST000222,PLAN000532,2023-11-13,2025-10-30,Expired,Prepaid,True,,3,0.0,False
SUB000237,CUST000669,PLAN000163,2020-08-12,2025-09-17,Suspended,Postpaid,False,,3,0.0,False
SUB000238,CUST000480,PLAN000746,2022-01-18,,Active,Postpaid,False,4333082787786,1,0.0,False
SUB000239,CUST000337,PLAN000125,2020-06-03,2020-09-21,Expired,Postpaid,False,,1,0.0,False
SUB000240,CUST000062,PLAN000707,2024-05-28,,Active,Prepaid,True,,3,100.0,False
SUB000241,CUST000743,PLAN000913,2021-10-05,,Active,Postpaid,True,,4,0.0,True
SUB000242,CUST000951,PLAN000792,2021-11-07,,Active,Postpaid,True,,1,0.0,False
SUB000243,CUST000424,PLAN000943,2020-11-29,2024-06-22,Suspended,Prepaid,False,,1,5.0,False
SUB000244,CUST000041,PLAN000613,2021-10-24,,Active,Prepaid,True,9298890590749,1,5.0,False
SUB000245,CUST000916,PLAN000189,2020-07-24,,Active,Postpaid,False,,1,0.0,False
SUB000246,CUST000901,PLAN000614,2022-11-05,,Active,Postpaid,True,,1,0.0,False
SUB000247,CUST000983,PLAN000680,2023-09-05,,Active,Prepaid,False,2185646712823,1,5.0,False
SUB000248,CUST000194,PLAN000751,2020-12-22,,Active,Postpaid,False,,1,0.0,True
SUB000249,CUST000042,PLAN000536,2022-05-05,,Active,Postpaid,True,4654039980645,3,0.0,False
SUB000250,CUST000643,PLAN000534,2020-02-10,2022-07-20,Suspended,Postpaid,True,9473443749966,2,0.0,False
SUB000251,CUST000827,PLAN000732,2024-09-11,2025-03-08,Expired,Prepaid,False,,1,5.0,False
SUB000252,CUST000942,PLAN000492,2024-02-10,,Active,Prepaid,False,0142534143636,1,10.0,False
SUB000253,CUST000683,PLAN000927,2023-04-28,,Active,Postpaid,False,,1,0.0,False
SUB000254,CUST000450,PLAN000664,2024-08-31,2024-11-27,Suspended,Prepaid,True,9448459587462,1,10.0,False
SUB000255,CUST000966,PLAN000076,2025-07-15,,Active,Prepaid,True,5324054336672,1,100.0,False
SUB000256,CUST000600,PLAN000441,2020-10-04,,Active,Postpaid,False,,4,0.0,False
SUB000257,CUST000922,PLAN000943,2023-06-10,2025-02-04,Cancelled,Prepaid,True,,1,0.0,True
SUB000258,CUST000291,PLAN000614,2020-07-26,,Active,Prepaid,False,,2,5.0,False
SUB000259,CUST000481,PLAN000492,2021-09-02,,Active,Prepaid,True,5490290956855,2,0.0,False
SUB000260,CUST000587,PLAN000389,2025-09-12,,Active,Postpaid,False,,3,0.0,False
SUB000261,CUST000120,PLAN000423,2025-03-19,,Active,Postpaid,True,,3,0.0,False
SUB000262,CUST000100,PLAN000334,2025-01-19,2025-05-27,Cancelled,Prepaid,False,,4,0.0,False
SUB000263,CUST000752,PLAN000794,2025-04-12,,Active,Postpaid,False,,1,0.0,False
SUB000264,CUST000087,PLAN000647,2023-02-18,,Active,Postpaid,True,,1,0.0,False
SUB000265,CUST000118,PLAN000288,2020-12-12,,Active,Postpaid,True,1699390852510,4,0.0,False
SUB000266,CUST000610,PLAN000513,2020-04-22,2023-10-04,Cancelled,Postpaid,True,,3,0.0,True
SUB000267,CUST000548,PLAN000797,2020-07-13,,Active,Postpaid,False,,1,0.0,False
SUB000268,CUST000416,PLAN000800,2021-02-01,,Active,Prepaid,True,6648795111185,1,50.0,False
SUB000269,CUST000227,PLAN000120,2021-02-07,2021-06-30,Suspended,Postpaid,False,,2,0.0,False
SUB000270,CUST000717,PLAN000657,2024-02-08,,Active,Prepaid,False,,3,5.0,False
SUB000271,CUST000200,PLAN000804,2025-04-12,,Active,Postpaid,True,3206827796634,1,0.0,False
SUB000272,CUST000332,PLAN000980,2024-08-18,2025-04-29,Cancelled,Prepaid,False,,1,0.0,False
SUB000273,CUST000791,PLAN000356,2021-09-23,2021-11-13,Suspended,Postpaid,True,,2,0.0,False
SUB000274,CUST000515,PLAN000764,2025-04-04,2025-08-10,Suspended,Postpaid,True,8984076517883,4,0.0,False
SUB000275,CUST000453,PLAN000325,2020-07-02,2021-11-12,Cancelled,Postpaid,False,,3,0.0,False
SUB000276,CUST000017,PLAN000263,2022-09-25,,Active,Prepaid,False,,1,10.0,False
SUB000277,CUST000664,PLAN000433,2020-10-04,,Active,Postpaid,True,3383919654300,3,0.0,False
SUB000278,CUST000855,PLAN000917,2021-05-21,2023-02-07,Suspended,Prepaid,True,,1,0.0,False
SUB000279,CUST001000,PLAN000989,2021-01-13,,Active,Prepaid,True,,3,25.0,False
SUB000280,CUST000837,PLAN000697,2024-11-03,2025-05-12,Suspended,Prepaid,False,,1,100.0,False
SUB000281,CUST000959,PLAN000960,2023-09-23,2024-09-18,Expired,Postpaid,True,,4,0.0,False
SUB000282,CUST000837,PLAN000671,2023-11-20,2025-10-17,Expired,Postpaid,True,,1,0.0,False
SUB000283,CUST000787,PLAN000214,2022-01-23,,Active,Prepaid,True,,1,0.0,False
SUB000284,CUST000361,PLAN000099,2025-03-15,2025-07-31,Suspended,Postpaid,True,,4,0.0,True
SUB000285,CUST000728,PLAN000388,2024-04-23,,Active,Postpaid,False,,1,0.0,False
SUB000286,CUST000002,PLAN000485,2024-05-31,,Active,Postpaid,False,6418110371822,2,0.0,False
SUB000287,CUST000226,PLAN000114,2024-05-31,,Active,Prepaid,True,,2,50.0,True
SUB000288,CUST000643,PLAN000493,2023-12-28,,Active,Prepaid,False,,3,100.0,False
SUB000289,CUST000135,PLAN000271,2024-01-15,2024-06-21,Expired,Prepaid,True,4717910303043,1,25.0,False
SUB000290,CUST000129,PLAN000584,2023-06-29,,Active,Postpaid,True,,2,0.0,True
SUB000291,CUST000754,PLAN000470,2024-09-11,2025-03-24,Cancelled,Postpaid,True,,3,0.0,False
SUB000292,CUST000697,PLAN000070,2022-11-06,2023-10-20,Expired,Postpaid,True,,1,0.0,False
SUB000293,CUST000203,PLAN000334,2022-12-17,,Active,Prepaid,False,,1,0.0,False
SUB000294,CUST000824,PLAN000562,2023-04-21,,Active,Prepaid,False,8758722221673,4,10.0,False
SUB000295,CUST000473,PLAN000417,2025-03-08,2025-05-30,Cancelled,Prepaid,True,,1,10.0,False
SUB000296,CUST000819,PLAN000638,2024-05-23,2024-11-05,Suspended,Postpaid,True,0259938900086,1,0.0,False
SUB000297,CUST000842,PLAN000100,2023-11-16,2025-08-24,Cancelled,Postpaid,True,,3,0.0,False
SUB000298,CUST000191,PLAN000009,2023-09-14,,Active,Postpaid,True,,3,0.0,False
SUB000299,CUST000588,PLAN000259,2021-02-05,,Active,Prepaid,False,,1,0.0,False
SUB000300,CUST000222,PLAN000595,2024-07-29,,Active,Prepaid,False,,1,0.0,False
SUB000301,CUST000832,PLAN000419,2023-03-11,,Active,Postpaid,True,,2,0.0,False
SUB000302,CUST000751,PLAN000512,2020-04-27,,Active,Postpaid,False,9977310099395,2,0.0,False
SUB000303,CUST000171,PLAN000782,2022-10-15,,Active,Postpaid,False,8311357176836,2,0.0,True
SUB000304,CUST000952,PLAN000277,2022-12-28,,Active,Postpaid,True,6528650457033,3,0.0,False
SUB000305,CUST000099,PLAN000177,2020-05-31,2020-12-12,Suspended,Postpaid,True,,1,0.0,False
SUB000306,CUST000563,PLAN000176,2020-08-16,,Active,Prepaid,False,,1,5.0,False
SUB000307,CUST000540,PLAN000693,2024-11-13,2025-04-30,Cancelled,Prepaid,False,7083603822099,1,10.0,False
SUB000308,CUST000123,PLAN000487,2024-09-06,2025-05-08,Expired,Prepaid,True,,3,0.0,False
SUB000309,CUST000966,PLAN000359,2022-09-26,2025-08-08,Suspended,Postpaid,False,1270907453159,3,0.0,True
SUB000310,CUST000326,PLAN000006,2022-08-16,,Active,Postpaid,True,8254358515585,4,0.0,False
SUB000311,CUST000059,PLAN000631,2020-04-10,,Active,Postpaid,True,,4,0.0,False
SUB000312,CUST000289,PLAN000534,2021-01-28,2023-05-20,Suspended,Prepaid,False,8450967357239,4,0.0,False
SUB000313,CUST000179,PLAN000801,2025-09-17,2025-09-25,Expired,Postpaid,True,,1,0.0,False
SUB000314,CUST000502,PLAN000358,2025-08-22,,Active,Postpaid,False,4280182306316,4,0.0,False
SUB000315,CUST000499,PLAN000058,2024-01-31,,Active,Prepaid,False,6760227021951,1,5.0,False
SUB000316,CUST000929,PLAN000861,2022-04-21,,Active,Prepaid,True,,3,100.0,False
SUB000317,CUST000997,PLAN000026,2025-05-24,,Active,Prepaid,False,,2,5.0,False
SUB000318,CUST000658,PLAN000795,2025-02-18,,Active,Postpaid,True,,1,0.0,False
SUB000319,CUST000132,PLAN000109,2025-09-15,,Active,Prepaid,True,,2,0.0,True
SUB000320,CUST000654,PLAN000614,2024-01-29,,Active,Postpaid,True,,2,0.0,False
SUB000321,CUST000444,PLAN000972,2023-11-10,,Active,Prepaid,False,8540785964228,1,5.0,True
SUB000322,CUST000966,PLAN000594,2023-08-15,,Active,Postpaid,False,,3,0.0,False
SUB000323,CUST000622,PLAN000043,2024-04-09,2024-04-11,Expired,Prepaid,False,,4,10.0,False
SUB000324,CUST000785,PLAN000506,2025-05-02,2025-08-22,Expired,Prepaid,True,,4,50.0,False
SUB000325,CUST000883,PLAN000208,2023-07-27,,Active,Postpaid,False,,4,0.0,False
SUB000326,CUST000747,PLAN000149,2023-10-12,,Active,Postpaid,True,0618609597834,1,0.0,False
SUB000327,CUST000299,PLAN000304,2025-09-13,,Active,Prepaid,True,,1,0.0,False
SUB000328,CUST000686,PLAN000249,2021-03-24,,Active,Prepaid,False,5273377962852,1,0.0,False
SUB000329,CUST000762,PLAN000095,2020-04-14,,Active,Prepaid,False,8128911155586,1,0.0,False
SUB000330,CUST000637,PLAN000460,2022-02-05,,Active,Prepaid,True,,1,0.0,False
SUB000331,CUST000535,PLAN000374,2020-08-18,,Active,Postpaid,False,,1,0.0,True
SUB000332,CUST000830,PLAN000113,2021-01-08,,Active,Postpaid,False,2126442055118,1,0.0,False
SUB000333,CUST000336,PLAN000121,2021-01-08,,Active,Prepaid,True,9781093860912,1,5.0,False
SUB000334,CUST000057,PLAN000503,2020-09-21,2024-01-14,Cancelled,Postpaid,False,,4,0.0,False
SUB000335,CUST000738,PLAN000744,2021-06-24,,Active,Prepaid,False,6900650148649,3,100.0,False
SUB000336,CUST000466,PLAN000937,2022-06-11,2023-01-26,Suspended,Postpaid,False,,2,0.0,False
SUB000337,CUST000688,PLAN000937,2020-08-28,2023-10-07,Cancelled,Postpaid,True,,3,0.0,False
SUB000338,CUST000904,PLAN000425,2023-10-30,,Active,Prepaid,True,,2,50.0,False
SUB000339,CUST000874,PLAN000458,2025-04-27,2025-09-01,Expired,Postpaid,True,,1,0.0,False
SUB000340,CUST000146,PLAN000518,2024-10-06,,Active,Postpaid,True,,4,0.0,False
SUB000341,CUST000662,PLAN000211,2024-07-02,,Active,Postpaid,False,0754022905340,1,0.0,True
SUB000342,CUST000025,PLAN000785,2020-02-17,2023-12-20,Expired,Postpaid,False,,1,0.0,False
SUB000343,CUST000479,PLAN000785,2023-07-06,2025-02-05,Suspended,Postpaid,True,,1,0.0,False
SUB000344,CUST000063,PLAN000871,2022-08-21,2024-07-14,Cancelled,Postpaid,True,,4,0.0,False
SUB000345,CUST000743,PLAN000177,2024-11-29,,Active,Prepaid,True,,2,10.0,False
SUB000346,CUST000234,PLAN000526,2023-06-28,2023-08-09,Expired,Postpaid,False,,1,0.0,False
SUB000347,CUST000854,PLAN000540,2025-08-17,2025-09-23,Expired,Prepaid,True,3032410443907,3,5.0,False
SUB000348,CUST000555,PLAN000941,2024-11-13,,Active,Prepaid,False,,1,50.0,False
SUB000349,CUST000847,PLAN000873,2023-09-12,2024-06-09,Expired,Prepaid,False,,1,50.0,True
SUB000350,CUST000213,PLAN000623,2020-08-08,,Active,Prepaid,True,,2,10.0,False
SUB000351,CUST000623,PLAN000454,2020-12-16,,Active,Prepaid,True,,1,50.0,True
SUB000352,CUST000601,PLAN000256,2023-03-28,,Active,Postpaid,True,,2,0.0,False
SUB000353,CUST000994,PLAN000776,2022-05-24,,Active,Postpaid,False,,2,0.0,True
SUB000354,CUST000676,PLAN000850,2021-04-05,,Active,Postpaid,True,,4,0.0,True
SUB000355,CUST000067,PLAN000150,2021-10-31,,Active,Postpaid,False,,1,0.0,False
SUB000356,CUST000006,PLAN000565,2024-06-07,,Active,Postpaid,False,,1,0.0,False
SUB000357,CUST000266,PLAN000662,2021-02-09,2023-07-02,Expired,Postpaid,False,1876998748354,3,0.0,False
SUB000358,CUST000771,PLAN000420,2020-07-06,,Active,Postpaid,False,,4,0.0,False
SUB000359,CUST000580,PLAN000716,2022-04-21,,Active,Prepaid,True,,4,10.0,True
SUB000360,CUST000773,PLAN000462,2021-08-29,,Active,Prepaid,False,,2,50.0,False
SUB000361,CUST000863,PLAN000124,2021-12-25,,Active,Prepaid,True,,1,100.0,True
SUB000362,CUST000358,PLAN000025,2023-06-23,2025-08-01,Cancelled,Postpaid,False,,4,0.0,False
SUB000363,CUST000270,PLAN000396,2020-08-26,,Active,Prepaid,False,,1,25.0,False
SUB000364,CUST000793,PLAN000016,2025-01-06,,Active,Prepaid,False,,2,50.0,False
SUB000365,CUST000524,PLAN000465,2022-10-26,2025-10-24,Cancelled,Postpaid,False,,4,0.0,False
SUB000366,CUST000591,PLAN000298,2023-12-09,2024-02-08,Suspended,Postpaid,False,,1,0.0,True
SUB000367,CUST000379,PLAN000215,2020-03-17,2024-11-04,Expired,Postpaid,False,,4,0.0,False
SUB000368,CUST000857,PLAN000046,2025-02-04,,Active,Prepaid,True,,2,25.0,False
SUB000369,CUST000497,PLAN000104,2020-05-17,,Active,Prepaid,True,,4,100.0,False
SUB000370,CUST000971,PLAN000853,2022-09-18,,Active,Prepaid,True,,1,100.0,False
SUB000371,CUST000711,PLAN000997,2023-04-04,2023-04-30,Suspended,Prepaid,False,3005664194401,1,0.0,True
SUB000372,CUST000017,PLAN000675,2025-04-20,,Active,Prepaid,False,,1,100.0,False
SUB000373,CUST000349,PLAN000987,2020-02-03,,Active,Postpaid,True,,3,0.0,False
SUB000374,CUST000062,PLAN000505,2020-05-09,2025-09-01,Cancelled,Postpaid,True,,2,0.0,False
SUB000375,CUST000537,PLAN000021,2024-05-14,,Active,Prepaid,False,,3,25.0,False
SUB000376,CUST000712,PLAN000607,2020-08-26,2020-11-16,Cancelled,Prepaid,False,,1,100.0,False
SUB000377,CUST000943,PLAN000091,2020-11-29,,Active,Postpaid,False,,1,0.0,False
SUB000378,CUST000502,PLAN000907,2021-12-19,,Active,Prepaid,True,,3,10.0,False
SUB000379,CUST000147,PLAN000990,2022-05-04,,Active,Postpaid,True,,1,0.0,True
SUB000380,CUST000008,PLAN000487,2020-03-13,2024-09-18,Suspended,Prepaid,False,,2,0.0,False
SUB000381,CUST000378,PLAN000978,2024-11-27,2025-04-26,Expired,Prepaid,False,,1,50.0,False
SUB000382,CUST000901,PLAN000632,2020-06-04,,Active,Prepaid,False,,1,50.0,True
SUB000383,CUST000885,PLAN000511,2023-08-20,,Active,Prepaid,True,,1,25.0,True
SUB000384,CUST000816,PLAN000668,2024-11-28,2025-05-16,Expired,Postpaid,False,4444177696789,1,0.0,False
SUB000385,CUST000661,PLAN000077,2022-01-05,2023-07-23,Cancelled,Prepaid,True,,4,5.0,False
SUB000386,CUST000146,PLAN000697,2024-11-16,,Active,Postpaid,True,,1,0.0,False
SUB000387,CUST000544,PLAN000827,2023-08-11,,Active,Prepaid,True,1036431943604,3,0.0,True
SUB000388,CUST000055,PLAN000356,2023-07-03,2024-01-25,Suspended,Postpaid,True,,1,0.0,False
SUB000389,CUST000244,PLAN000084,2022-06-13,2025-02-19,Cancelled,Prepaid,True,,3,50.0,False
SUB000390,CUST000151,PLAN000345,2022-01-07,2023-10-20,Cancelled,Prepaid,True,4027995467242,4,10.0,False
SUB000391,CUST000815,PLAN000802,2024-10-05,,Active,Postpaid,False,,1,0.0,True
SUB000392,CUST000264,PLAN000342,2025-07-02,,Active,Postpaid,False,,1,0.0,True
SUB000393,CUST000217,PLAN000845,2021-08-06,,Active,Prepaid,False,,3,0.0,False
SUB000394,CUST000403,PLAN000310,2025-05-25,2025-09-08,Cancelled,Postpaid,False,9854339460446,1,0.0,False
SUB000395,CUST000495,PLAN000950,2024-05-07,,Active,Postpaid,True,5271533978576,1,0.0,False
SUB000396,CUST000790,PLAN000738,2025-03-27,,Active,Prepaid,True,,1,5.0,False
SUB000397,CUST000066,PLAN000623,2021-03-04,2021-03-29,Suspended,Prepaid,True,,1,25.0,False
SUB000398,CUST000522,PLAN000389,2020-04-11,2024-10-19,Expired,Postpaid,True,,1,0.0,True
SUB000399,CUST000101,PLAN000479,2020-07-12,,Active,Prepaid,False,7594777382215,3,50.0,False
SUB000400,CUST000524,PLAN000469,2023-11-30,2024-01-19,Expired,Postpaid,False,,1,0.0,True
SUB000401,CUST000035,PLAN000258,2024-03-09,2025-08-03,Suspended,Prepaid,False,,1,50.0,False
SUB000402,CUST000643,PLAN000589,2020-05-30,2023-11-18,Suspended,Prepaid,True,,1,0.0,False
SUB000403,CUST000681,PLAN000294,2025-07-30,,Active,Postpaid,True,,1,0.0,False
SUB000404,CUST000990,PLAN000975,2022-03-13,,Active,Prepaid,True,,1,5.0,False
SUB000405,CUST000290,PLAN000141,2021-02-10,,Active,Prepaid,True,2356286463436,3,0.0,False
SUB000406,CUST000353,PLAN000800,2020-04-02,,Active,Prepaid,True,8130254138736,4,0.0,False
SUB000407,CUST000934,PLAN000803,2022-02-11,,Active,Prepaid,False,,4,10.0,False
SUB000408,CUST000351,PLAN000312,2023-01-26,2024-07-02,Cancelled,Postpaid,True,,1,0.0,False
SUB000409,CUST000647,PLAN000781,2023-03-31,,Active,Prepaid,True,,1,100.0,False
SUB000410,CUST000961,PLAN000231,2023-03-21,,Active,Prepaid,False,,1,5.0,False
SUB000411,CUST000972,PLAN000446,2021-05-09,,Active,Prepaid,False,,3,0.0,False
SUB000412,CUST000884,PLAN000636,2023-01-18,,Active,Prepaid,True,8675974615459,2,0.0,True
SUB000413,CUST000488,PLAN000387,2024-12-05,,Active,Prepaid,True,1865362771993,1,0.0,False
SUB000414,CUST000565,PLAN000738,2025-10-26,,Active,Prepaid,False,,1,0.0,False
SUB000415,CUST000559,PLAN000813,2021-08-14,,Active,Prepaid,False,,2,50.0,False
SUB000416,CUST000397,PLAN000237,2023-04-25,,Active,Prepaid,False,,2,10.0,False
SUB000417,CUST000248,PLAN000133,2024-04-02,2024-04-03,Suspended,Prepaid,False,9112627722972,1,0.0,True
SUB000418,CUST000885,PLAN000922,2024-02-08,2024-09-22,Suspended,Prepaid,True,,4,100.0,False
SUB000419,CUST000070,PLAN000133,2022-07-03,,Active,Postpaid,False,5128131635248,1,0.0,False
SUB000420,CUST000401,PLAN000188,2020-12-13,,Active,Prepaid,True,,2,5.0,False
SUB000421,CUST000780,PLAN000316,2022-09-20,,Active,Postpaid,False,,1,0.0,False
SUB000422,CUST000980,PLAN000342,2022-01-24,,Active,Postpaid,True,,1,0.0,False
SUB000423,CUST000783,PLAN000467,2023-09-14,,Active,Prepaid,False,,3,25.0,True
SUB000424,CUST000729,PLAN000763,2021-03-30,2022-11-24,Cancelled,Postpaid,False,,4,0.0,False
SUB000425,CUST000399,PLAN000229,2023-06-02,,Active,Prepaid,True,,1,5.0,False
SUB000426,CUST000693,PLAN000183,2024-12-09,2025-05-25,Suspended,Postpaid,False,9131948077740,3,0.0,False
SUB000427,CUST000548,PLAN000762,2021-08-21,,Active,Prepaid,False,,3,100.0,False
SUB000428,CUST000392,PLAN000284,2022-04-01,,Active,Postpaid,False,2300690361184,4,0.0,False
SUB000429,CUST000516,PLAN000763,2024-02-19,,Active,Prepaid,True,,1,100.0,False
SUB000430,CUST000187,PLAN000284,2022-11-25,,Active,Prepaid,True,0514950710739,4,0.0,True
SUB000431,CUST000119,PLAN000052,2024-03-29,,Active,Postpaid,False,,2,0.0,False
SUB000432,CUST000110,PLAN000335,2024-11-11,,Active,Postpaid,True,,2,0.0,False
SUB000433,CUST000754,PLAN000877,2025-09-22,,Active,Postpaid,False,8196480682511,4,0.0,False
SUB000434,CUST000482,PLAN000454,2024-03-13,2024-10-17,Suspended,Postpaid,True,,1,0.0,False
SUB000435,CUST000840,PLAN000825,2025-07-10,,Active,Postpaid,True,,1,0.0,False
SUB000436,CUST000801,PLAN000354,2022-05-19,,Active,Postpaid,False,,1,0.0,False
SUB000437,CUST000715,PLAN000491,2023-09-28,,Active,Postpaid,True,4719022241961,1,0.0,False
SUB000438,CUST000472,PLAN000117,2020-02-27,,Active,Prepaid,True,,1,10.0,False
SUB000439,CUST000321,PLAN000380,2023-05-22,,Active,Postpaid,True,,3,0.0,True
SUB000440,CUST000190,PLAN000514,2021-02-11,,Active,Prepaid,True,,1,0.0,False
SUB000441,CUST000069,PLAN000271,2022-03-06,,Active,Prepaid,True,3724687080959,1,0.0,True
SUB000442,CUST000290,PLAN000759,2020-11-01,,Active,Prepaid,False,,2,50.0,True
SUB000443,CUST000113,PLAN000492,2020-04-16,2020-11-04,Cancelled,Prepaid,True,5934068278805,3,5.0,False
SUB000444,CUST000706,PLAN000561,2021-05-15,2023-06-16,Suspended,Prepaid,True,,1,5.0,False
SUB000445,CUST000663,PLAN000883,2021-06-27,,Active,Prepaid,True,,2,10.0,False
SUB000446,CUST000850,PLAN000757,2024-07-26,,Active,Postpaid,False,,1,0.0,False
SUB000447,CUST000856,PLAN000823,2024-09-02,,Active,Postpaid,False,,3,0.0,False
SUB000448,CUST000635,PLAN000594,2022-11-22,,Active,Postpaid,False,,1,0.0,True
SUB000449,CUST000068,PLAN000519,2021-03-31,2023-08-05,Suspended,Postpaid,False,,1,0.0,True
SUB000450,CUST000974,PLAN000215,2025-02-09,2025-03-14,Cancelled,Prepaid,True,,4,10.0,False
SUB000451,CUST000966,PLAN000556,2020-03-14,,Active,Postpaid,False,,3,0.0,True
SUB000452,CUST000723,PLAN000304,2023-12-20,,Active,Postpaid,False,,1,0.0,True
SUB000453,CUST000754,PLAN000310,2025-02-26,2025-10-15,Expired,Prepaid,False,7599931469419,1,5.0,False
SUB000454,CUST000722,PLAN000850,2023-03-14,,Active,Prepaid,True,,4,0.0,False
SUB000455,CUST000812,PLAN000732,2024-12-27,,Active,Prepaid,False,,1,50.0,False
SUB000456,CUST000427,PLAN000328,2020-12-11,,Active,Postpaid,False,,3,0.0,False
SUB000457,CUST000827,PLAN000892,2024-09-22,2025-04-07,Expired,Postpaid,True,,2,0.0,False
SUB000458,CUST000630,PLAN000679,2021-08-16,,Active,Prepaid,True,,2,5.0,False
SUB000459,CUST000499,PLAN000300,2025-05-10,2025-06-24,Expired,Postpaid,True,4267272377505,1,0.0,False
SUB000460,CUST000293,PLAN000990,2024-04-03,2025-09-25,Suspended,Prepaid,True,,1,50.0,False
SUB000461,CUST000837,PLAN000992,2022-05-25,,Active,Prepaid,False,1737792807270,1,100.0,False
SUB000462,CUST000288,PLAN000060,2025-10-21,,Active,Prepaid,True,,1,100.0,False
SUB000463,CUST000273,PLAN000218,2024-07-16,,Active,Postpaid,False,9279745954894,3,0.0,False
SUB000464,CUST000287,PLAN000907,2022-02-07,2023-12-16,Cancelled,Prepaid,False,,1,0.0,False
SUB000465,CUST000236,PLAN000427,2020-05-19,,Active,Postpaid,False,8794480927739,1,0.0,False
SUB000466,CUST000751,PLAN000485,2021-10-16,,Active,Prepaid,True,8071296303886,1,25.0,False
SUB000467,CUST000650,PLAN000147,2023-12-10,2025-03-11,Suspended,Postpaid,True,2055133702183,4,0.0,False
SUB000468,CUST000441,PLAN000296,2024-05-15,,Active,Postpaid,True,9441805286435,1,0.0,False
SUB000469,CUST000109,PLAN000664,2025-10-30,,Active,Prepaid,False,0493402189735,2,25.0,False
SUB000470,CUST000756,PLAN000303,2023-01-04,,Active,Postpaid,False,,3,0.0,False
SUB000471,CUST000379,PLAN000171,2020-08-22,2023-03-12,Cancelled,Postpaid,False,,4,0.0,True
SUB000472,CUST000314,PLAN000395,2020-08-08,2024-03-05,Suspended,Prepaid,True,,4,0.0,False
SUB000473,CUST000006,PLAN000208,2023-02-14,2023-09-27,Suspended,Postpaid,True,,1,0.0,False
SUB000474,CUST000507,PLAN000441,2025-07-23,,Active,Prepaid,True,,1,25.0,False
SUB000475,CUST000274,PLAN000453,2024-10-15,,Active,Postpaid,False,,1,0.0,False
SUB000476,CUST000265,PLAN000026,2021-10-02,2021-12-11,Suspended,Prepaid,True,,1,0.0,False
SUB000477,CUST000879,PLAN000077,2020-01-16,2021-08-03,Expired,Postpaid,False,,4,0.0,False
SUB000478,CUST000451,PLAN000535,2020-02-08,2022-11-13,Cancelled,Postpaid,True,6060485541309,2,0.0,False
SUB000479,CUST000898,PLAN000370,2021-09-05,,Active,Prepaid,True,,1,100.0,False
SUB000480,CUST000927,PLAN000402,2024-10-27,,Active,Prepaid,False,,1,0.0,False
SUB000481,CUST000695,PLAN000567,2023-10-23,2023-11-18,Suspended,Prepaid,True,7641799448676,2,5.0,False
SUB000482,CUST000738,PLAN000111,2020-04-21,,Active,Prepaid,False,,1,10.0,False
SUB000483,CUST000167,PLAN000583,2020-07-16,,Active,Postpaid,False,,1,0.0,True
SUB000484,CUST000180,PLAN000367,2023-08-13,,Active,Prepaid,False,1564327739445,4,10.0,False
SUB000485,CUST000009,PLAN000925,2024-09-21,2025-04-25,Suspended,Postpaid,False,,4,0.0,True
SUB000486,CUST000758,PLAN000760,2020-12-02,2022-02-02,Expired,Prepaid,True,,1,0.0,True
SUB000487,CUST000609,PLAN000550,2022-04-01,2025-02-16,Cancelled,Postpaid,True,9477791360852,1,0.0,True
SUB000488,CUST000194,PLAN000378,2024-03-26,,Active,Postpaid,True,,1,0.0,False
SUB000489,CUST000664,PLAN000675,2023-02-11,,Active,Postpaid,True,,1,0.0,True
SUB000490,CUST000813,PLAN000030,2021-08-30,,Active,Postpaid,False,,4,0.0,True
SUB000491,CUST000731,PLAN000515,2022-05-17,2024-05-10,Expired,Prepaid,True,,2,100.0,False
SUB000492,CUST000053,PLAN000608,2024-05-23,,Active,Postpaid,False,,1,0.0,False
SUB000493,CUST000860,PLAN000368,2021-08-24,,Active,Postpaid,True,,3,0.0,True
SUB000494,CUST000183,PLAN000425,2025-08-10,,Active,Postpaid,False,,1,0.0,True
SUB000495,CUST000017,PLAN000348,2022-05-03,,Active,Postpaid,False,2677082911834,1,0.0,False
SUB000496,CUST000725,PLAN000446,2023-10-26,,Active,Postpaid,False,,1,0.0,False
SUB000497,CUST000424,PLAN000265,2023-12-22,,Active,Postpaid,False,,4,0.0,False
SUB000498,CUST000455,PLAN000938,2023-07-30,2024-11-29,Expired,Postpaid,False,,1,0.0,False
SUB000499,CUST000439,PLAN000992,2022-11-18,,Active,Postpaid,True,4783587689196,1,0.0,False
SUB000500,CUST000022,PLAN000665,2025-08-22,,Active,Prepaid,True,,1,100.0,False
SUB000501,CUST000050,PLAN000295,2020-05-27,,Active,Postpaid,False,2336510130332,1,0.0,False
SUB000502,CUST000228,PLAN000497,2021-04-17,2025-05-26,Expired,Postpaid,True,,4,0.0,False
SUB000503,CUST000877,PLAN000591,2023-05-22,2024-07-29,Cancelled,Prepaid,True,,2,25.0,False
SUB000504,CUST000471,PLAN000274,2024-04-25,,Active,Postpaid,False,,1,0.0,False
SUB000505,CUST000807,PLAN000282,2023-03-28,,Active,Postpaid,True,,1,0.0,False
SUB000506,CUST000306,PLAN000730,2021-02-23,,Active,Postpaid,True,,1,0.0,False
SUB000507,CUST000473,PLAN000285,2022-08-27,,Active,Prepaid,False,,1,0.0,False
SUB000508,CUST000978,PLAN000948,2025-05-08,,Active,Prepaid,False,,4,50.0,False
SUB000509,CUST000665,PLAN000156,2022-10-01,,Active,Prepaid,False,,2,0.0,False
SUB000510,CUST000127,PLAN000710,2024-02-16,,Active,Postpaid,True,,1,0.0,False
SUB000511,CUST000778,PLAN000196,2021-03-03,,Active,Prepaid,False,1793438399872,3,100.0,False
SUB000512,CUST000683,PLAN000142,2024-11-23,,Active,Prepaid,False,7715732060221,1,10.0,False
SUB000513,CUST000356,PLAN000098,2021-10-25,,Active,Postpaid,False,9581184850699,4,0.0,False
SUB000514,CUST000914,PLAN000953,2023-07-06,,Active,Prepaid,False,6326659741895,2,100.0,False
SUB000515,CUST000613,PLAN000127,2022-03-23,,Active,Prepaid,True,8192380187219,2,0.0,False
SUB000516,CUST000330,PLAN000375,2025-02-25,,Active,Postpaid,False,,3,0.0,False
SUB000517,CUST000508,PLAN000134,2022-03-09,,Active,Prepaid,True,0327043980117,4,10.0,True
SUB000518,CUST000072,PLAN000118,2021-10-23,,Active,Postpaid,False,,1,0.0,False
SUB000519,CUST000208,PLAN000176,2022-07-23,2023-09-03,Suspended,Postpaid,True,,1,0.0,False
SUB000520,CUST000174,PLAN000170,2025-08-17,,Active,Postpaid,False,,1,0.0,False
SUB000521,CUST000790,PLAN000146,2021-11-23,,Active,Prepaid,False,,1,25.0,False
SUB000522,CUST000854,PLAN000493,2025-08-12,,Active,Postpaid,True,,1,0.0,False
SUB000523,CUST000059,PLAN000959,2022-02-11,,Active,Postpaid,False,,4,0.0,False
SUB000524,CUST000921,PLAN000495,2022-07-28,,Active,Postpaid,False,,1,0.0,False
SUB000525,CUST000051,PLAN000111,2020-08-09,,Active,Prepaid,True,,3,25.0,False
SUB000526,CUST000256,PLAN000274,2023-05-26,,Active,Postpaid,True,,1,0.0,False
SUB000527,CUST000787,PLAN000283,2025-03-07,,Active,Postpaid,False,,1,0.0,False
SUB000528,CUST000635,PLAN000203,2025-02-18,,Active,Postpaid,False,,1,0.0,False
SUB000529,CUST000689,PLAN000256,2024-08-12,,Active,Prepaid,False,,1,0.0,False
SUB000530,CUST000257,PLAN000022,2024-01-29,,Active,Postpaid,True,,1,0.0,False
SUB000531,CUST000483,PLAN000048,2020-02-17,2023-04-12,Cancelled,Postpaid,True,,1,0.0,False
SUB000532,CUST000252,PLAN000116,2025-03-30,,Active,Postpaid,False,,1,0.0,False
SUB000533,CUST000324,PLAN000942,2021-09-04,,Active,Prepaid,False,0732973226003,3,0.0,False
SUB000534,CUST000207,PLAN000062,2025-06-09,,Active,Postpaid,True,,1,0.0,False
SUB000535,CUST000160,PLAN000375,2022-03-29,2024-09-25,Expired,Prepaid,False,,1,0.0,True
SUB000536,CUST000183,PLAN000321,2022-05-21,,Active,Postpaid,False,4659135960016,1,0.0,False
SUB000537,CUST000023,PLAN000778,2024-03-16,,Active,Prepaid,False,,3,100.0,False
SUB000538,CUST000237,PLAN000415,2023-09-01,,Active,Prepaid,True,,2,100.0,False
SUB000539,CUST000198,PLAN000576,2021-06-06,,Active,Postpaid,True,9316765623836,4,0.0,False
SUB000540,CUST000690,PLAN000410,2020-10-29,2024-08-15,Cancelled,Postpaid,True,5236537374851,3,0.0,False
SUB000541,CUST000442,PLAN000204,2022-10-20,2024-08-23,Cancelled,Postpaid,True,,1,0.0,False
SUB000542,CUST000670,PLAN000499,2022-09-02,,Active,Postpaid,False,8430343257141,1,0.0,True
SUB000543,CUST000977,PLAN000782,2022-08-13,2023-02-06,Cancelled,Prepaid,False,8810514941759,1,5.0,False
SUB000544,CUST000952,PLAN000354,2021-11-11,,Active,Postpaid,False,,4,0.0,False
SUB000545,CUST000084,PLAN000999,2020-03-05,,Active,Prepaid,True,0187506885520,4,25.0,False
SUB000546,CUST000904,PLAN000472,2022-11-26,,Active,Prepaid,True,,1,100.0,True
SUB000547,CUST000199,PLAN000215,2022-05-06,,Active,Prepaid,False,,1,10.0,False
SUB000548,CUST000691,PLAN000821,2025-06-14,,Active,Postpaid,False,,4,0.0,True
SUB000549,CUST000461,PLAN000390,2024-01-06,2024-03-15,Cancelled,Prepaid,True,,1,0.0,False
SUB000550,CUST000347,PLAN000120,2022-02-25,2025-07-14,Expired,Postpaid,True,,4,0.0,False
SUB000551,CUST000110,PLAN000627,2021-05-07,,Active,Postpaid,False,,1,0.0,False
SUB000552,CUST000376,PLAN000585,2020-10-23,2021-02-19,Suspended,Prepaid,False,,1,25.0,False
SUB000553,CUST000091,PLAN000330,2023-04-29,,Active,Prepaid,False,,1,50.0,False
SUB000554,CUST000013,PLAN000727,2020-01-21,,Active,Prepaid,True,,4,50.0,False
SUB000555,CUST000226,PLAN000689,2020-08-26,,Active,Postpaid,True,,4,0.0,False
SUB000556,CUST000452,PLAN000553,2020-05-05,,Active,Prepaid,True,,2,50.0,False
SUB000557,CUST000016,PLAN000087,2025-01-19,2025-08-22,Suspended,Postpaid,True,2267481750318,1,0.0,False
SUB000558,CUST000151,PLAN000210,2024-01-05,,Active,Prepaid,True,,1,0.0,True
SUB000559,CUST000781,PLAN000912,2025-01-19,,Active,Postpaid,False,2524449125215,4,0.0,False
SUB000560,CUST000557,PLAN000435,2022-07-17,,Active,Prepaid,True,3226563616395,3,0.0,False
SUB000561,CUST000787,PLAN000033,2022-04-07,2024-09-27,Expired,Prepaid,True,7118405211313,3,25.0,False
SUB000562,CUST000233,PLAN000040,2020-07-10,,Active,Postpaid,False,,1,0.0,False
SUB000563,CUST000704,PLAN000970,2021-09-20,,Active,Prepaid,False,,1,0.0,False
SUB000564,CUST000979,PLAN000503,2024-06-23,,Active,Postpaid,False,,4,0.0,False
SUB000565,CUST000293,PLAN000781,2021-07-07,,Active,Prepaid,True,,1,25.0,True
SUB000566,CUST000132,PLAN000506,2021-09-25,2023-08-24,Suspended,Postpaid,True,,4,0.0,False
SUB000567,CUST000517,PLAN000830,2024-12-15,,Active,Prepaid,False,,4,0.0,False
SUB000568,CUST000212,PLAN000449,2023-11-17,,Active,Postpaid,False,,1,0.0,False
SUB000569,CUST000181,PLAN000536,2021-04-18,2025-08-17,Expired,Prepaid,False,1810731700303,3,50.0,False
SUB000570,CUST000556,PLAN000925,2022-07-22,,Active,Prepaid,True,,2,10.0,True
SUB000571,CUST000240,PLAN000310,2023-09-21,,Active,Postpaid,False,9626267558231,2,0.0,False
SUB000572,CUST000583,PLAN000664,2023-03-28,,Active,Postpaid,False,2828931932236,1,0.0,False
SUB000573,CUST000131,PLAN000964,2025-06-15,2025-07-16,Expired,Prepaid,True,,4,0.0,False
SUB000574,CUST000808,PLAN000435,2020-01-09,,Active,Prepaid,False,7922749346652,2,50.0,False
SUB000575,CUST000110,PLAN000381,2021-03-28,,Active,Prepaid,True,,1,100.0,False
SUB000576,CUST000881,PLAN000770,2021-06-06,2025-09-11,Cancelled,Prepaid,True,6865521115772,3,25.0,False
SUB000577,CUST000263,PLAN000482,2025-01-27,2025-04-19,Cancelled,Postpaid,True,,4,0.0,False
SUB000578,CUST000055,PLAN000800,2021-03-15,,Active,Prepaid,True,0155090963753,3,0.0,False
SUB000579,CUST000314,PLAN000101,2022-06-17,2022-12-20,Suspended,Postpaid,True,,1,0.0,False
SUB000580,CUST000060,PLAN000517,2025-05-13,2025-08-12,Cancelled,Prepaid,False,,2,25.0,False
SUB000581,CUST000510,PLAN000636,2024-08-10,,Active,Postpaid,True,6139781706908,4,0.0,True
SUB000582,CUST000790,PLAN000328,2024-06-24,2024-07-10,Cancelled,Postpaid,False,,1,0.0,False
SUB000583,CUST000611,PLAN000774,2023-05-23,,Active,Prepaid,True,,1,0.0,False
SUB000584,CUST000885,PLAN000350,2025-08-28,2025-10-01,Cancelled,Prepaid,True,,1,5.0,False
SUB000585,CUST000602,PLAN000141,2025-08-24,2025-10-26,Expired,Prepaid,True,3665081040671,1,100.0,True
SUB000586,CUST000106,PLAN000404,2023-09-15,2024-04-30,Cancelled,Prepaid,False,,1,0.0,False
SUB000587,CUST000767,PLAN000404,2025-04-28,,Active,Postpaid,True,,2,0.0,False
SUB000588,CUST000739,PLAN000725,2021-07-22,2025-10-12,Suspended,Postpaid,False,,1,0.0,False
SUB000589,CUST000989,PLAN000909,2020-04-04,2024-09-23,Cancelled,Prepaid,False,,3,25.0,False
SUB000590,CUST000663,PLAN000570,2024-06-09,,Active,Postpaid,False,,3,0.0,True
SUB000591,CUST000978,PLAN000983,2025-04-01,,Active,Postpaid,True,,4,0.0,False
SUB000592,CUST000651,PLAN000478,2024-02-28,,Active,Prepaid,True,,3,5.0,False
SUB000593,CUST000066,PLAN000714,2022-03-19,2025-05-28,Expired,Postpaid,True,,1,0.0,False
SUB000594,CUST000952,PLAN000487,2020-12-31,,Active,Postpaid,False,,1,0.0,True
SUB000595,CUST000170,PLAN000717,2023-01-12,,Active,Postpaid,False,,1,0.0,False
SUB000596,CUST000904,PLAN000117,2020-10-31,2021-05-02,Cancelled,Prepaid,True,,2,25.0,False
SUB000597,CUST000063,PLAN000869,2025-10-18,,Active,Postpaid,True,,1,0.0,False
SUB000598,CUST000872,PLAN000599,2020-07-01,2023-11-07,Expired,Prepaid,False,,4,50.0,False
SUB000599,CUST000379,PLAN000237,2025-07-08,,Active,Postpaid,True,,3,0.0,False
SUB000600,CUST000109,PLAN000508,2022-07-09,,Active,Prepaid,True,,1,25.0,False
SUB000601,CUST000432,PLAN000631,2025-10-10,,Active,Prepaid,False,,1,5.0,True
SUB000602,CUST000421,PLAN000221,2023-05-04,2023-12-27,Expired,Prepaid,True,,3,25.0,True
SUB000603,CUST000512,PLAN000583,2024-09-24,,Active,Prepaid,False,,4,5.0,True
SUB000604,CUST000880,PLAN000572,2024-01-04,,Active,Prepaid,True,,4,0.0,True
SUB000605,CUST000509,PLAN000442,2023-01-16,,Active,Postpaid,True,,1,0.0,False
SUB000606,CUST000715,PLAN000506,2022-06-21,2025-08-16,Expired,Postpaid,True,,4,0.0,False
SUB000607,CUST000802,PLAN000068,2021-07-21,,Active,Postpaid,True,,1,0.0,False
SUB000608,CUST000411,PLAN000480,2022-07-30,,Active,Prepaid,True,9188182387254,3,10.0,False
SUB000609,CUST000384,PLAN000794,2022-02-07,,Active,Prepaid,False,,3,50.0,False
SUB000610,CUST000844,PLAN000131,2023-12-09,2024-03-26,Suspended,Postpaid,False,,2,0.0,False
SUB000611,CUST000215,PLAN000679,2023-10-27,,Active,Prepaid,False,,1,10.0,True
SUB000612,CUST000502,PLAN000269,2021-04-03,2025-05-12,Cancelled,Postpaid,False,8492019237549,1,0.0,False
SUB000613,CUST000522,PLAN000761,2020-03-25,,Active,Postpaid,False,,1,0.0,False
SUB000614,CUST000995,PLAN000957,2025-10-22,,Active,Prepaid,True,,3,50.0,False
SUB000615,CUST000793,PLAN000846,2020-02-13,2025-08-10,Expired,Postpaid,True,,2,0.0,True
SUB000616,CUST000200,PLAN000267,2021-08-09,,Active,Postpaid,False,,4,0.0,False
SUB000617,CUST000749,PLAN000419,2021-08-10,,Active,Prepaid,True,,1,0.0,False
SUB000618,CUST000051,PLAN000619,2024-04-07,,Active,Postpaid,False,,2,0.0,False
SUB000619,CUST000494,PLAN000495,2023-11-29,,Active,Prepaid,True,,1,0.0,False
SUB000620,CUST000702,PLAN000511,2020-02-02,2023-07-29,Expired,Prepaid,False,,1,25.0,False
SUB000621,CUST000086,PLAN000921,2025-08-27,,Active,Postpaid,True,,1,0.0,False
SUB000622,CUST000671,PLAN000959,2021-05-03,,Active,Prepaid,True,,1,50.0,False
SUB000623,CUST000443,PLAN000275,2024-02-25,,Active,Prepaid,True,,3,10.0,False
SUB000624,CUST000700,PLAN000648,2021-02-16,,Active,Prepaid,False,,2,100.0,False
SUB000625,CUST000605,PLAN000452,2021-10-16,,Active,Prepaid,True,,1,0.0,False
SUB000626,CUST000419,PLAN000006,2022-06-03,2024-11-03,Suspended,Postpaid,True,2999992086076,3,0.0,False
SUB000627,CUST000538,PLAN000774,2022-04-23,,Active,Prepaid,False,,1,100.0,True
SUB000628,CUST000854,PLAN000526,2024-06-11,,Active,Postpaid,False,,1,0.0,True
SUB000629,CUST000341,PLAN000417,2024-06-18,2025-10-21,Suspended,Postpaid,False,,3,0.0,True
SUB000630,CUST000943,PLAN000804,2020-02-10,,Active,Prepaid,False,5134541161944,1,0.0,True
SUB000631,CUST000612,PLAN000019,2021-08-12,,Active,Prepaid,True,,1,100.0,True
SUB000632,CUST000225,PLAN000231,2023-06-13,2025-04-07,Cancelled,Prepaid,True,,1,100.0,False
SUB000633,CUST000967,PLAN000325,2021-08-06,2022-03-28,Suspended,Postpaid,True,,1,0.0,False
SUB000634,CUST000352,PLAN000982,2023-09-23,2025-08-31,Expired,Prepaid,True,,1,5.0,False
SUB000635,CUST000449,PLAN000157,2022-08-12,2025-09-01,Cancelled,Postpaid,False,,1,0.0,False
SUB000636,CUST000740,PLAN000349,2023-07-26,2025-09-24,Cancelled,Prepaid,True,,3,0.0,False
SUB000637,CUST000825,PLAN000960,2020-07-22,2023-02-16,Cancelled,Postpaid,True,,2,0.0,False
SUB000638,CUST000559,PLAN000711,2023-01-21,,Active,Prepaid,True,,1,25.0,True
SUB000639,CUST000317,PLAN000085,2025-03-09,,Active,Postpaid,False,,3,0.0,True
SUB000640,CUST000350,PLAN000653,2020-03-02,2020-06-09,Suspended,Postpaid,True,,1,0.0,False
SUB000641,CUST000694,PLAN000847,2022-11-12,,Active,Postpaid,False,,4,0.0,False
SUB000642,CUST000967,PLAN000407,2022-05-14,,Active,Prepaid,False,7608088768875,1,50.0,False
SUB000643,CUST000508,PLAN000142,2021-05-17,,Active,Postpaid,True,9668115580105,1,0.0,False
SUB000644,CUST000830,PLAN000458,2023-03-15,,Active,Prepaid,True,,1,5.0,True
SUB000645,CUST000795,PLAN000697,2022-07-19,,Active,Postpaid,True,,1,0.0,False
SUB000646,CUST000427,PLAN000144,2022-07-31,,Active,Prepaid,False,,3,5.0,False
SUB000647,CUST000798,PLAN000059,2020-03-12,,Active,Prepaid,True,,1,100.0,True
SUB000648,CUST000996,PLAN000656,2023-04-18,,Active,Postpaid,True,,1,0.0,False
SUB000649,CUST000826,PLAN000745,2022-08-09,,Active,Postpaid,True,,2,0.0,False
SUB000650,CUST000420,PLAN000852,2025-10-31,,Active,Postpaid,True,,1,0.0,False
SUB000651,CUST000330,PLAN000835,2023-01-18,,Active,Prepaid,False,,4,25.0,False
SUB000652,CUST000809,PLAN000629,2021-03-20,,Active,Prepaid,False,,1,25.0,True
SUB000653,CUST000153,PLAN000841,2022-01-09,2022-06-18,Cancelled,Prepaid,False,,1,0.0,False
SUB000654,CUST000637,PLAN000280,2023-08-22,2025-09-19,Expired,Prepaid,True,9478938709631,1,0.0,False
SUB000655,CUST000833,PLAN000452,2022-08-23,2025-07-20,Expired,Postpaid,False,,4,0.0,False
SUB000656,CUST000289,PLAN000713,2021-11-07,2021-12-19,Cancelled,Prepaid,False,,1,5.0,False
SUB000657,CUST000558,PLAN000642,2025-02-26,2025-06-23,Cancelled,Prepaid,True,0442711761954,1,25.0,True
SUB000658,CUST000381,PLAN000706,2020-03-09,,Active,Prepaid,False,,3,0.0,False
SUB000659,CUST000206,PLAN000575,2020-04-27,,Active,Prepaid,False,8633919367796,1,0.0,False
SUB000660,CUST000943,PLAN000600,2025-10-28,,Active,Postpaid,False,,2,0.0,True
SUB000661,CUST000282,PLAN000397,2025-08-29,,Active,Prepaid,True,,4,25.0,False
SUB000662,CUST000639,PLAN000246,2020-08-13,2023-04-01,Cancelled,Prepaid,True,,4,50.0,False
SUB000663,CUST000064,PLAN000416,2020-05-28,,Active,Postpaid,False,,2,0.0,True
SUB000664,CUST000083,PLAN000633,2022-08-19,,Active,Postpaid,False,,4,0.0,True
SUB000665,CUST000609,PLAN000333,2023-09-23,2025-08-11,Expired,Postpaid,True,,1,0.0,False
SUB000666,CUST000791,PLAN000776,2020-07-11,2023-09-26,Expired,Postpaid,True,,3,0.0,False
SUB000667,CUST000422,PLAN000906,2022-06-16,,Active,Postpaid,False,,1,0.0,True
SUB000668,CUST000096,PLAN000924,2022-07-04,,Active,Postpaid,False,7608299150521,1,0.0,False
SUB000669,CUST000293,PLAN000685,2023-12-21,,Active,Prepaid,True,4874314191070,4,100.0,False
SUB000670,CUST000628,PLAN000422,2024-02-12,2024-12-29,Expired,Postpaid,True,,3,0.0,False
SUB000671,CUST000183,PLAN000261,2020-12-09,,Active,Postpaid,False,,3,0.0,False
SUB000672,CUST000623,PLAN000873,2024-03-08,,Active,Prepaid,False,,2,10.0,False
SUB000673,CUST000413,PLAN000248,2022-05-27,2024-09-01,Expired,Postpaid,True,,1,0.0,False
SUB000674,CUST000950,PLAN000173,2022-12-29,2023-11-07,Expired,Prepaid,False,,1,5.0,True
SUB000675,CUST000694,PLAN000900,2022-09-29,,Active,Prepaid,True,,4,50.0,True
SUB000676,CUST000754,PLAN000482,2020-09-26,,Active,Postpaid,True,,4,0.0,False
SUB000677,CUST000854,PLAN000018,2023-07-02,,Active,Postpaid,True,6322704620509,3,0.0,False
SUB000678,CUST000978,PLAN000129,2023-07-15,2023-10-08,Expired,Prepaid,True,,4,100.0,False
SUB000679,CUST000616,PLAN000151,2025-05-13,,Active,Prepaid,True,,2,25.0,False
SUB000680,CUST000524,PLAN000757,2024-09-24,,Active,Postpaid,True,,2,0.0,False
SUB000681,CUST000575,PLAN000860,2024-10-08,2025-09-24,Suspended,Postpaid,False,,1,0.0,False
SUB000682,CUST000339,PLAN000101,2021-06-07,,Active,Postpaid,True,,3,0.0,False
SUB000683,CUST000400,PLAN000444,2025-10-23,2025-10-28,Suspended,Prepaid,False,,1,25.0,False
SUB000684,CUST000471,PLAN000050,2021-02-02,,Active,Postpaid,False,7197797737275,1,0.0,False
SUB000685,CUST000957,PLAN000443,2025-03-13,,Active,Prepaid,True,,1,0.0,False
SUB000686,CUST000699,PLAN000444,2025-04-09,2025-04-11,Expired,Prepaid,False,,1,0.0,False
SUB000687,CUST000352,PLAN000312,2021-06-19,,Active,Prepaid,False,,1,10.0,False
SUB000688,CUST000635,PLAN000467,2025-02-17,2025-07-28,Expired,Prepaid,True,,1,25.0,False
SUB000689,CUST000435,PLAN000273,2021-01-27,,Active,Prepaid,True,,1,0.0,False
SUB000690,CUST000509,PLAN000588,2023-07-15,,Active,Prepaid,True,,1,0.0,False
SUB000691,CUST000705,PLAN000645,2024-09-16,,Active,Postpaid,True,,4,0.0,False
SUB000692,CUST000426,PLAN000107,2022-07-04,,Active,Postpaid,False,7640866998869,1,0.0,False
SUB000693,CUST000267,PLAN000653,2024-07-07,2025-05-14,Cancelled,Postpaid,False,,3,0.0,False
SUB000694,CUST000228,PLAN000288,2023-09-14,,Active,Prepaid,False,6468695299569,4,50.0,False
SUB000695,CUST000393,PLAN000941,2020-03-13,2024-12-31,Cancelled,Postpaid,False,,4,0.0,False
SUB000696,CUST000094,PLAN000982,2020-07-15,,Active,Prepaid,False,,2,25.0,False
SUB000697,CUST000674,PLAN000966,2023-03-05,,Active,Postpaid,False,,1,0.0,False
SUB000698,CUST000171,PLAN000244,2021-03-15,,Active,Prepaid,False,,3,10.0,False
SUB000699,CUST000160,PLAN000992,2024-08-03,,Active,Postpaid,True,4045506058307,1,0.0,True
SUB000700,CUST000307,PLAN000133,2023-06-17,,Active,Prepaid,True,5075582030857,1,0.0,False
SUB000701,CUST000707,PLAN000742,2021-04-13,,Active,Prepaid,False,5793978082175,1,10.0,True
SUB000702,CUST000642,PLAN000437,2024-11-16,2025-06-16,Cancelled,Prepaid,False,,4,0.0,False
SUB000703,CUST000814,PLAN000235,2024-08-03,2025-02-20,Suspended,Prepaid,True,,2,50.0,True
SUB000704,CUST000922,PLAN000863,2020-10-01,,Active,Prepaid,False,9710868836631,3,25.0,False
SUB000705,CUST000889,PLAN000926,2022-09-10,,Active,Prepaid,True,,2,0.0,False
SUB000706,CUST000689,PLAN000795,2023-08-05,,Active,Prepaid,False,,1,0.0,False
SUB000707,CUST000124,PLAN000508,2025-05-21,,Active,Prepaid,False,,1,100.0,False
SUB000708,CUST000440,PLAN000176,2025-09-30,2025-10-20,Cancelled,Prepaid,False,,4,50.0,False
SUB000709,CUST000004,PLAN000932,2020-03-15,,Active,Prepaid,True,,1,0.0,False
SUB000710,CUST000786,PLAN000279,2023-09-13,,Active,Postpaid,False,,2,0.0,False
SUB000711,CUST000252,PLAN000938,2021-07-24,,Active,Prepaid,False,,1,10.0,False
SUB000712,CUST000570,PLAN000953,2022-10-24,2025-03-25,Cancelled,Prepaid,True,5188265300796,1,50.0,False
SUB000713,CUST000377,PLAN000679,2021-01-26,2024-10-24,Suspended,Postpaid,False,,2,0.0,True
SUB000714,CUST000303,PLAN000405,2025-10-15,,Active,Postpaid,True,,3,0.0,False
SUB000715,CUST000508,PLAN000768,2021-09-11,,Active,Postpaid,False,,3,0.0,False
SUB000716,CUST000173,PLAN000853,2023-12-22,2025-08-16,Expired,Prepaid,True,,4,25.0,False
SUB000717,CUST000623,PLAN000499,2024-02-06,,Active,Postpaid,True,2921156373796,1,0.0,False
SUB000718,CUST000581,PLAN000240,2021-06-16,,Active,Prepaid,True,5268034252605,4,50.0,False
SUB000719,CUST000438,PLAN000080,2020-12-22,,Active,Prepaid,True,6436516250379,1,0.0,False
SUB000720,CUST000246,PLAN000744,2023-12-23,2024-12-06,Expired,Postpaid,True,8706879026269,1,0.0,False
SUB000721,CUST000445,PLAN000282,2024-11-06,,Active,Postpaid,True,,2,0.0,False
SUB000722,CUST000883,PLAN000792,2025-01-17,2025-05-14,Expired,Postpaid,True,,2,0.0,True
SUB000723,CUST000077,PLAN000881,2025-02-06,2025-02-07,Expired,Prepaid,False,,2,0.0,False
SUB000724,CUST000756,PLAN000400,2020-02-16,2024-10-31,Expired,Prepaid,True,,4,25.0,False
SUB000725,CUST000922,PLAN000289,2023-08-10,,Active,Prepaid,False,,1,0.0,False
SUB000726,CUST000445,PLAN000315,2022-05-05,,Active,Postpaid,True,,4,0.0,False
SUB000727,CUST000622,PLAN000495,2024-10-26,2025-03-03,Expired,Postpaid,True,,3,0.0,True
SUB000728,CUST000118,PLAN000926,2022-07-20,,Active,Prepaid,False,,2,0.0,False
SUB000729,CUST000745,PLAN000918,2022-05-03,,Active,Postpaid,True,,1,0.0,False
SUB000730,CUST000704,PLAN000343,2024-08-23,2024-12-13,Cancelled,Prepaid,True,,2,100.0,False
SUB000731,CUST000588,PLAN000812,2021-06-02,,Active,Postpaid,True,,1,0.0,False
SUB000732,CUST000615,PLAN000368,2021-12-29,,Active,Prepaid,False,,4,100.0,False
SUB000733,CUST000651,PLAN000642,2020-08-19,,Active,Prepaid,True,1009657852560,4,25.0,False
SUB000734,CUST000943,PLAN000202,2023-12-01,,Active,Postpaid,True,,1,0.0,False
SUB000735,CUST000531,PLAN000725,2020-11-08,,Active,Prepaid,True,,1,25.0,False
SUB000736,CUST000634,PLAN000317,2024-02-01,2024-12-30,Suspended,Prepaid,True,,1,100.0,False
SUB000737,CUST000517,PLAN000955,2025-07-19,,Active,Postpaid,False,9073746429360,2,0.0,False
SUB000738,CUST000573,PLAN000210,2025-10-06,,Active,Postpaid,False,,3,0.0,False
SUB000739,CUST000338,PLAN000298,2024-05-16,2025-09-06,Expired,Postpaid,True,,1,0.0,True
SUB000740,CUST000497,PLAN000846,2020-02-29,,Active,Prepaid,False,,4,0.0,False
SUB000741,CUST000718,PLAN000621,2024-02-12,,Active,Postpaid,False,,4,0.0,False
SUB000742,CUST000190,PLAN000455,2022-07-25,,Active,Prepaid,False,5061675173252,3,25.0,False
SUB000743,CUST000353,PLAN000521,2023-06-02,,Active,Prepaid,False,,3,50.0,True
SUB000744,CUST000461,PLAN000812,2020-01-29,2021-08-02,Suspended,Postpaid,False,,1,0.0,False
SUB000745,CUST000063,PLAN000061,2025-05-22,2025-08-12,Suspended,Postpaid,False,,2,0.0,False
SUB000746,CUST000606,PLAN000747,2021-04-15,2021-10-26,Cancelled,Postpaid,True,,1,0.0,True
SUB000747,CUST000123,PLAN000579,2024-05-26,,Active,Prepaid,False,,1,50.0,False
SUB000748,CUST000141,PLAN000826,2022-04-05,,Active,Postpaid,False,7570228069416,1,0.0,True
SUB000749,CUST000236,PLAN000313,2023-03-06,2024-08-21,Cancelled,Prepaid,True,,1,25.0,False
SUB000750,CUST000945,PLAN000476,2023-08-03,2024-02-22,Suspended,Prepaid,True,,4,25.0,False
SUB000751,CUST000123,PLAN000660,2020-10-08,2025-06-10,Suspended,Prepaid,True,,1,50.0,False
SUB000752,CUST000940,PLAN000987,2022-09-09,,Active,Postpaid,True,,3,0.0,False
SUB000753,CUST000977,PLAN000252,2025-06-06,2025-09-22,Expired,Postpaid,True,4831813460748,1,0.0,True
SUB000754,CUST000191,PLAN000939,2023-05-31,2023-06-12,Suspended,Prepaid,False,1923566443444,4,25.0,True
SUB000755,CUST000440,PLAN000802,2023-07-19,,Active,Postpaid,True,,1,0.0,False
SUB000756,CUST000577,PLAN000587,2025-08-25,2025-10-11,Expired,Prepaid,False,1590451045120,1,10.0,True
SUB000757,CUST000594,PLAN000466,2022-08-24,,Active,Postpaid,False,,3,0.0,False
SUB000758,CUST000404,PLAN000204,2024-03-13,2025-06-16,Expired,Postpaid,False,,1,0.0,False
SUB000759,CUST000962,PLAN000846,2021-12-09,,Active,Prepaid,False,,1,10.0,False
SUB000760,CUST000448,PLAN000127,2025-03-25,,Active,Postpaid,True,9018296868712,1,0.0,False
SUB000761,CUST000788,PLAN000571,2022-01-03,2023-05-26,Cancelled,Postpaid,False,,3,0.0,False
SUB000762,CUST000285,PLAN000434,2025-05-14,,Active,Prepaid,True,,2,0.0,False
SUB000763,CUST000237,PLAN000797,2020-01-27,,Active,Prepaid,False,,3,10.0,False
SUB000764,CUST000064,PLAN000546,2022-12-21,2025-07-03,Expired,Prepaid,True,7137300913562,1,10.0,False
SUB000765,CUST000902,PLAN000666,2020-05-02,2025-02-05,Cancelled,Prepaid,False,,1,25.0,False
SUB000766,CUST000634,PLAN000770,2025-02-10,,Active,Postpaid,False,3970907994367,1,0.0,True
SUB000767,CUST000488,PLAN000360,2024-05-11,,Active,Prepaid,False,2680754624428,3,5.0,False
SUB000768,CUST000812,PLAN000873,2024-01-15,,Active,Postpaid,False,,4,0.0,True
SUB000769,CUST000533,PLAN000805,2025-09-25,,Active,Prepaid,True,,4,0.0,True
SUB000770,CUST000558,PLAN000633,2023-09-04,,Active,Prepaid,True,,3,100.0,True
SUB000771,CUST000566,PLAN000814,2022-11-08,2024-08-02,Suspended,Prepaid,False,,2,100.0,True
SUB000772,CUST000027,PLAN000852,2020-06-28,2022-06-12,Cancelled,Prepaid,True,,1,10.0,False
SUB000773,CUST000695,PLAN000400,2023-08-10,2024-10-27,Cancelled,Postpaid,False,,2,0.0,True
SUB000774,CUST000869,PLAN000681,2021-02-14,,Active,Prepaid,False,,1,5.0,True
SUB000775,CUST000432,PLAN000376,2022-05-07,,Active,Prepaid,False,,1,0.0,False
SUB000776,CUST000458,PLAN000211,2021-10-27,,Active,Prepaid,False,1170636257909,1,5.0,True
SUB000777,CUST000850,PLAN000440,2020-06-15,2020-08-09,Cancelled,Prepaid,False,,4,100.0,True
SUB000778,CUST000338,PLAN000629,2024-01-25,2024-07-30,Suspended,Postpaid,True,,1,0.0,False
SUB000779,CUST000131,PLAN000615,2021-12-01,2025-03-06,Suspended,Prepaid,True,,3,10.0,False
SUB000780,CUST000788,PLAN000315,2024-11-14,,Active,Postpaid,True,,4,0.0,False
SUB000781,CUST000452,PLAN000622,2021-07-30,,Active,Postpaid,True,,3,0.0,True
SUB000782,CUST000295,PLAN000042,2023-12-10,,Active,Postpaid,True,,3,0.0,False
SUB000783,CUST000967,PLAN000950,2024-09-15,2024-10-25,Expired,Postpaid,True,8629185197657,1,0.0,False
SUB000784,CUST000848,PLAN000220,2025-03-28,,Active,Prepaid,False,,2,5.0,False
SUB000785,CUST000227,PLAN000920,2023-12-14,2025-03-19,Expired,Prepaid,True,,1,25.0,False
SUB000786,CUST000170,PLAN000556,2023-09-16,,Active,Postpaid,False,,2,0.0,True
SUB000787,CUST000792,PLAN000081,2022-01-14,2024-07-13,Expired,Prepaid,False,9011832454213,2,100.0,False
SUB000788,CUST000728,PLAN000159,2024-05-28,2025-06-04,Expired,Postpaid,False,1909075823376,1,0.0,False
SUB000789,CUST000279,PLAN000009,2022-02-08,,Active,Prepaid,False,,4,0.0,False
SUB000790,CUST000580,PLAN000904,2023-05-09,2025-09-17,Suspended,Prepaid,False,8291261202767,1,5.0,False
SUB000791,CUST000676,PLAN000043,2020-11-07,,Active,Postpaid,True,,3,0.0,False
SUB000792,CUST000450,PLAN000038,2020-12-02,,Active,Postpaid,False,,1,0.0,False
SUB000793,CUST000946,PLAN000885,2023-10-10,,Active,Prepaid,False,,1,0.0,False
SUB000794,CUST000936,PLAN000800,2023-10-13,2025-04-04,Expired,Prepaid,True,8289934665708,4,10.0,False
SUB000795,CUST000557,PLAN000006,2020-02-22,2024-12-23,Suspended,Postpaid,False,9711509243775,1,0.0,False
SUB000796,CUST000026,PLAN000159,2025-04-30,,Active,Postpaid,True,9697306935341,1,0.0,False
SUB000797,CUST000317,PLAN000279,2020-02-11,,Active,Postpaid,False,,1,0.0,False
SUB000798,CUST000643,PLAN000228,2020-07-31,2023-08-22,Cancelled,Postpaid,False,,1,0.0,False
SUB000799,CUST000521,PLAN000938,2021-06-10,,Active,Prepaid,False,,2,0.0,False
SUB000800,CUST000207,PLAN000198,2025-09-04,,Active,Prepaid,True,,1,25.0,True
SUB000801,CUST000085,PLAN000560,2025-10-15,,Active,Postpaid,False,8143139735301,2,0.0,False
SUB000802,CUST000808,PLAN000218,2023-08-08,,Active,Postpaid,False,7624608519607,3,0.0,False
SUB000803,CUST000880,PLAN000226,2024-08-10,,Active,Postpaid,False,,1,0.0,True
SUB000804,CUST000883,PLAN000243,2024-06-17,,Active,Postpaid,True,,1,0.0,False
SUB000805,CUST000820,PLAN000292,2023-08-05,,Active,Prepaid,False,,4,25.0,False
SUB000806,CUST000251,PLAN000832,2025-02-24,2025-08-01,Expired,Prepaid,True,3565686321493,1,25.0,False
SUB000807,CUST000552,PLAN000094,2022-11-20,,Active,Prepaid,False,,2,0.0,False
SUB000808,CUST000213,PLAN000869,2024-03-30,2024-07-14,Suspended,Prepaid,False,,3,100.0,False
SUB000809,CUST000484,PLAN000683,2021-10-22,,Active,Postpaid,True,1755756173084,1,0.0,False
SUB000810,CUST000341,PLAN000642,2023-06-27,2025-03-02,Expired,Postpaid,True,3887858029307,1,0.0,False
SUB000811,CUST000950,PLAN000176,2023-09-29,,Active,Postpaid,False,,4,0.0,False
SUB000812,CUST000962,PLAN000474,2020-06-24,,Active,Prepaid,False,3404639900840,4,50.0,False
SUB000813,CUST000310,PLAN000046,2020-08-19,,Active,Prepaid,False,,1,0.0,False
SUB000814,CUST000370,PLAN000823,2024-04-01,2025-10-07,Cancelled,Postpaid,False,,3,0.0,False
SUB000815,CUST000076,PLAN000279,2022-07-02,,Active,Prepaid,True,,3,0.0,False
SUB000816,CUST000553,PLAN000900,2025-02-21,,Active,Postpaid,True,,3,0.0,True
SUB000817,CUST000625,PLAN000576,2020-03-12,2020-10-20,Suspended,Postpaid,False,1811165714796,4,0.0,True
SUB000818,CUST000536,PLAN000859,2023-09-30,,Active,Postpaid,False,,2,0.0,True
SUB000819,CUST000147,PLAN000891,2021-09-08,,Active,Postpaid,False,,4,0.0,False
SUB000820,CUST000258,PLAN000795,2020-04-14,,Active,Prepaid,False,,1,5.0,False
SUB000821,CUST000296,PLAN000470,2022-03-31,,Active,Postpaid,False,,4,0.0,False
SUB000822,CUST000981,PLAN000268,2024-08-26,2025-03-14,Cancelled,Prepaid,True,,4,100.0,False
SUB000823,CUST000141,PLAN000990,2023-11-17,2024-09-06,Cancelled,Postpaid,True,,2,0.0,False
SUB000824,CUST000447,PLAN000583,2021-10-07,,Active,Postpaid,False,,3,0.0,False
SUB000825,CUST000596,PLAN000321,2025-10-02,,Active,Postpaid,False,1235873252983,1,0.0,False
SUB000826,CUST000874,PLAN000266,2023-11-22,2024-05-16,Suspended,Prepaid,False,,1,50.0,False
SUB000827,CUST000414,PLAN000778,2024-06-20,,Active,Postpaid,False,,1,0.0,False
SUB000828,CUST000012,PLAN000931,2022-01-13,,Active,Postpaid,False,,3,0.0,False
SUB000829,CUST000550,PLAN000726,2022-10-11,,Active,Prepaid,True,,3,5.0,True
SUB000830,CUST000383,PLAN000782,2020-10-06,,Active,Postpaid,False,8632099460326,1,0.0,False
SUB000831,CUST000506,PLAN000608,2023-07-14,2023-09-17,Cancelled,Prepaid,False,,1,0.0,False
SUB000832,CUST000691,PLAN000060,2024-09-28,2024-12-14,Suspended,Postpaid,False,,2,0.0,False
SUB000833,CUST000231,PLAN000278,2025-10-24,2025-10-28,Expired,Prepaid,False,,2,5.0,True
SUB000834,CUST000502,PLAN000644,2022-04-12,,Active,Prepaid,True,,3,0.0,False
SUB000835,CUST000071,PLAN000869,2024-03-20,,Active,Prepaid,True,,1,0.0,False
SUB000836,CUST000895,PLAN000647,2021-04-19,,Active,Prepaid,True,,1,10.0,True
SUB000837,CUST000534,PLAN000967,2021-07-05,2024-07-25,Suspended,Postpaid,False,,1,0.0,False
SUB000838,CUST000614,PLAN000110,2020-04-23,2021-07-05,Cancelled,Prepaid,True,4647238766330,1,0.0,False
SUB000839,CUST000238,PLAN000552,2025-04-10,,Active,Postpaid,True,0869049886380,1,0.0,True
SUB000840,CUST000731,PLAN000759,2022-02-01,,Active,Postpaid,True,,4,0.0,False
SUB000841,CUST000330,PLAN000039,2021-12-09,2025-08-02,Expired,Prepaid,True,,1,0.0,False
SUB000842,CUST000784,PLAN000433,2021-09-03,2025-01-23,Expired,Postpaid,False,3777843938782,1,0.0,True
SUB000843,CUST000019,PLAN000583,2022-04-17,,Active,Postpaid,False,,3,0.0,False
SUB000844,CUST000095,PLAN000076,2022-10-01,2025-03-20,Cancelled,Postpaid,False,7150286981348,3,0.0,False
SUB000845,CUST000161,PLAN000421,2023-09-24,,Active,Postpaid,False,,1,0.0,False
SUB000846,CUST000498,PLAN000017,2022-08-02,2025-07-31,Cancelled,Postpaid,True,7559990997579,3,0.0,False
SUB000847,CUST000745,PLAN000013,2022-03-27,,Active,Prepaid,True,7854845328726,1,50.0,False
SUB000848,CUST000771,PLAN000111,2021-03-01,2022-03-19,Expired,Postpaid,True,,3,0.0,True
SUB000849,CUST000286,PLAN000347,2022-06-18,2024-06-07,Expired,Postpaid,True,,1,0.0,False
SUB000850,CUST000280,PLAN000913,2022-09-16,2024-07-20,Expired,Postpaid,True,,1,0.0,False
SUB000851,CUST000851,PLAN000684,2025-10-27,2025-10-29,Expired,Postpaid,False,,1,0.0,False
SUB000852,CUST000609,PLAN000418,2024-12-12,,Active,Postpaid,True,,1,0.0,False
SUB000853,CUST000696,PLAN000651,2020-04-17,,Active,Prepaid,True,5372001055676,1,50.0,False
SUB000854,CUST000648,PLAN000645,2021-06-02,2021-08-23,Suspended,Prepaid,True,,2,25.0,False
SUB000855,CUST000880,PLAN000416,2025-06-20,2025-06-20,Cancelled,Prepaid,False,,1,0.0,False
SUB000856,CUST000122,PLAN000583,2024-02-08,2024-04-17,Expired,Postpaid,False,,1,0.0,True
SUB000857,CUST000498,PLAN000564,2023-07-20,2025-06-28,Expired,Postpaid,False,,4,0.0,True
SUB000858,CUST000544,PLAN000451,2020-05-02,2020-09-28,Expired,Postpaid,True,,3,0.0,False
SUB000859,CUST000580,PLAN000461,2025-09-12,,Active,Prepaid,False,,1,10.0,False
SUB000860,CUST000206,PLAN000458,2025-03-11,2025-06-28,Expired,Prepaid,False,,1,10.0,False
SUB000861,CUST000737,PLAN000877,2021-09-06,2024-08-12,Expired,Prepaid,True,0295808455843,1,5.0,False
SUB000862,CUST000526,PLAN000424,2020-07-06,2021-02-25,Cancelled,Postpaid,False,,1,0.0,True
SUB000863,CUST000661,PLAN000342,2023-07-07,,Active,Prepaid,True,,3,50.0,False
SUB000864,CUST000540,PLAN000850,2020-11-09,2024-02-16,Cancelled,Postpaid,True,,3,0.0,True
SUB000865,CUST000476,PLAN000408,2020-03-31,,Active,Postpaid,False,,1,0.0,False
SUB000866,CUST000258,PLAN000517,2024-05-01,,Active,Prepaid,True,,2,5.0,False
SUB000867,CUST000736,PLAN000165,2021-09-24,,Active,Postpaid,True,,1,0.0,True
SUB000868,CUST000031,PLAN000907,2022-07-23,,Active,Prepaid,False,,1,0.0,False
SUB000869,CUST000290,PLAN000236,2020-04-09,2021-10-14,Cancelled,Postpaid,False,4860480689492,3,0.0,False
SUB000870,CUST000503,PLAN000861,2023-04-23,,Active,Postpaid,False,,1,0.0,False
SUB000871,CUST000013,PLAN000863,2023-10-13,,Active,Postpaid,True,5341107943700,3,0.0,False
SUB000872,CUST000282,PLAN000939,2020-05-29,,Active,Postpaid,False,4682751085719,1,0.0,False
SUB000873,CUST000724,PLAN000096,2025-03-10,,Active,Postpaid,False,,4,0.0,False
SUB000874,CUST000606,PLAN000189,2020-12-15,,Active,Postpaid,False,,1,0.0,False
SUB000875,CUST000602,PLAN000271,2022-05-29,,Active,Postpaid,True,7492222704846,4,0.0,False
SUB000876,CUST000721,PLAN000819,2022-12-23,,Active,Prepaid,False,0134614998361,3,100.0,False
SUB000877,CUST000354,PLAN000293,2024-09-22,,Active,Postpaid,True,,1,0.0,False
SUB000878,CUST000514,PLAN000365,2023-04-08,2023-11-18,Expired,Postpaid,False,,1,0.0,False
SUB000879,CUST000871,PLAN000439,2020-09-02,,Active,Prepaid,False,2395360149858,1,5.0,False
SUB000880,CUST000684,PLAN000753,2024-12-22,2025-06-17,Suspended,Postpaid,False,,2,0.0,False
SUB000881,CUST000609,PLAN000963,2023-05-16,2025-07-27,Suspended,Postpaid,False,,1,0.0,False
SUB000882,CUST000948,PLAN000179,2021-02-20,2021-05-12,Expired,Prepaid,True,4631743285208,1,100.0,False
SUB000883,CUST000542,PLAN000388,2022-12-02,,Active,Postpaid,True,,2,0.0,False
SUB000884,CUST000125,PLAN000717,2020-10-27,,Active,Prepaid,False,,1,0.0,False
SUB000885,CUST000495,PLAN000929,2022-06-09,,Active,Postpaid,False,,1,0.0,False
SUB000886,CUST000979,PLAN000889,2022-12-06,,Active,Postpaid,False,8847950574627,1,0.0,False
SUB000887,CUST000349,PLAN000065,2025-10-10,,Active,Prepaid,False,,1,10.0,False
SUB000888,CUST000097,PLAN000602,2022-09-19,2023-01-18,Expired,Prepaid,True,,4,0.0,False
SUB000889,CUST000490,PLAN000477,2021-10-26,2025-07-12,Expired,Postpaid,True,,2,0.0,False
SUB000890,CUST000726,PLAN000709,2021-11-28,2025-10-28,Expired,Prepaid,True,,1,100.0,False
SUB000891,CUST000382,PLAN000179,2023-03-17,,Active,Prepaid,True,9670364799100,1,0.0,False
SUB000892,CUST000314,PLAN000553,2020-08-23,,Active,Postpaid,False,,1,0.0,False
SUB000893,CUST000083,PLAN000154,2022-05-12,,Active,Postpaid,True,,1,0.0,False
SUB000894,CUST000120,PLAN000829,2023-02-04,,Active,Postpaid,True,4776282673601,1,0.0,False
SUB000895,CUST000110,PLAN000939,2023-01-05,,Active,Prepaid,False,5795143560545,1,0.0,False
SUB000896,CUST000615,PLAN000011,2025-09-13,,Active,Postpaid,False,,3,0.0,True
SUB000897,CUST000755,PLAN000410,2021-10-29,2025-05-24,Suspended,Prepaid,True,0700622081110,4,0.0,False
SUB000898,CUST000078,PLAN000585,2020-06-25,,Active,Prepaid,True,,4,5.0,True
SUB000899,CUST000393,PLAN000116,2021-08-11,2022-09-18,Suspended,Prepaid,False,,2,25.0,False
SUB000900,CUST000726,PLAN000016,2020-01-22,,Active,Postpaid,False,,1,0.0,False
SUB000901,CUST000640,PLAN000203,2023-05-18,,Active,Prepaid,False,,3,100.0,False
SUB000902,CUST000362,PLAN000992,2025-10-17,2025-10-24,Suspended,Prepaid,True,7766974649161,1,10.0,False
SUB000903,CUST000930,PLAN000589,2023-06-13,,Active,Postpaid,False,,1,0.0,False
SUB000904,CUST000143,PLAN000506,2021-09-06,,Active,Postpaid,False,,1,0.0,False
SUB000905,CUST000644,PLAN000101,2025-07-10,,Active,Postpaid,True,,3,0.0,True
SUB000906,CUST000190,PLAN000893,2024-12-13,,Active,Postpaid,True,,2,0.0,False
SUB000907,CUST000985,PLAN000490,2023-02-22,2024-12-25,Expired,Postpaid,False,,3,0.0,False
SUB000908,CUST000613,PLAN000173,2025-09-17,2025-10-24,Suspended,Postpaid,True,,3,0.0,False
SUB000909,CUST000737,PLAN000486,2024-12-04,2025-10-08,Expired,Prepaid,True,,4,10.0,True
SUB000910,CUST000953,PLAN000587,2024-07-17,2024-08-10,Cancelled,Postpaid,True,5639093415730,4,0.0,False
SUB000911,CUST000161,PLAN000835,2020-07-03,,Active,Postpaid,True,,1,0.0,False
SUB000912,CUST000993,PLAN000724,2022-10-05,2025-03-28,Cancelled,Prepaid,True,,3,50.0,False
SUB000913,CUST000862,PLAN000836,2022-02-12,,Active,Prepaid,False,,1,0.0,False
SUB000914,CUST000732,PLAN000327,2021-11-30,,Active,Postpaid,True,,1,0.0,False
SUB000915,CUST000971,PLAN000292,2022-06-21,,Active,Prepaid,True,,3,25.0,False
SUB000916,CUST000357,PLAN000708,2020-01-16,,Active,Postpaid,True,,1,0.0,False
SUB000917,CUST000884,PLAN000322,2023-12-09,2024-04-08,Expired,Prepaid,True,5236462341887,3,50.0,False
SUB000918,CUST000727,PLAN000434,2023-05-16,2024-09-25,Expired,Postpaid,False,,3,0.0,False
SUB000919,CUST000998,PLAN000412,2025-01-03,2025-07-23,Expired,Postpaid,True,,1,0.0,False
SUB000920,CUST000280,PLAN000240,2022-01-13,2024-09-19,Suspended,Prepaid,False,4147760518282,1,5.0,False
SUB000921,CUST000609,PLAN000260,2025-08-05,,Active,Prepaid,True,,2,100.0,True
SUB000922,CUST000359,PLAN000174,2020-10-06,,Active,Postpaid,False,,2,0.0,True
SUB000923,CUST000538,PLAN000794,2022-01-26,,Active,Prepaid,True,,1,50.0,False
SUB000924,CUST000318,PLAN000497,2022-07-08,2025-07-05,Suspended,Postpaid,True,,3,0.0,False
SUB000925,CUST000874,PLAN000130,2022-05-18,,Active,Postpaid,False,,1,0.0,False
SUB000926,CUST000713,PLAN000047,2021-01-07,2021-02-13,Expired,Prepaid,True,9788171542630,1,50.0,False
SUB000927,CUST000027,PLAN000774,2021-01-31,2024-06-22,Cancelled,Postpaid,True,,3,0.0,False
SUB000928,CUST000737,PLAN000734,2025-10-11,2025-10-15,Cancelled,Postpaid,False,,1,0.0,False
SUB000929,CUST000492,PLAN000236,2022-02-03,,Active,Postpaid,True,9507982354939,4,0.0,False
SUB000930,CUST000778,PLAN000160,2020-11-23,,Active,Postpaid,True,3609798880679,1,0.0,False
SUB000931,CUST000672,PLAN000878,2023-02-19,,Active,Prepaid,False,,3,25.0,False
SUB000932,CUST000854,PLAN000007,2024-05-06,2024-11-16,Cancelled,Postpaid,False,9445607270640,1,0.0,False
SUB000933,CUST000483,PLAN000278,2020-09-30,,Active,Postpaid,False,,3,0.0,False
SUB000934,CUST000965,PLAN000585,2021-12-28,,Active,Prepaid,True,,3,100.0,False
SUB000935,CUST000726,PLAN000183,2020-09-20,2024-10-09,Expired,Prepaid,True,0943811174390,4,100.0,False
SUB000936,CUST000959,PLAN000724,2025-07-27,,Active,Postpaid,True,,3,0.0,False
SUB000937,CUST000037,PLAN000096,2021-04-17,2024-11-07,Suspended,Postpaid,True,,4,0.0,False
SUB000938,CUST000171,PLAN000638,2025-06-16,,Active,Prepaid,False,6463044919353,1,0.0,False
SUB000939,CUST000938,PLAN000696,2025-04-24,,Active,Postpaid,True,,1,0.0,False
SUB000940,CUST000969,PLAN000712,2024-06-07,,Active,Prepaid,True,,2,0.0,False
SUB000941,CUST000906,PLAN000986,2022-08-01,,Active,Postpaid,False,,2,0.0,False
SUB000942,CUST000165,PLAN000650,2022-05-04,,Active,Postpaid,False,,1,0.0,False
SUB000943,CUST000254,PLAN000440,2023-07-22,2024-10-20,Cancelled,Postpaid,False,,3,0.0,False
SUB000944,CUST000067,PLAN000461,2023-05-11,2025-02-13,Cancelled,Prepaid,True,,1,0.0,False
SUB000945,CUST000369,PLAN000472,2020-11-27,,Active,Prepaid,False,,3,25.0,True
SUB000946,CUST000884,PLAN000662,2023-11-21,,Active,Postpaid,True,3310205403686,2,0.0,False
SUB000947,CUST000375,PLAN000606,2020-11-01,,Active,Postpaid,False,,1,0.0,False
SUB000948,CUST000533,PLAN000803,2023-09-21,2024-03-25,Cancelled,Prepaid,True,,1,10.0,False
SUB000949,CUST000534,PLAN000745,2020-09-20,2024-04-27,Expired,Postpaid,True,,1,0.0,True
SUB000950,CUST000274,PLAN000156,2023-11-17,2024-05-11,Suspended,Postpaid,False,,3,0.0,False
SUB000951,CUST000102,PLAN000142,2023-09-02,,Active,Postpaid,True,3447933034901,1,0.0,False
SUB000952,CUST000182,PLAN000796,2021-07-28,,Active,Postpaid,True,,2,0.0,True
SUB000953,CUST000248,PLAN000582,2023-11-26,2025-08-09,Suspended,Postpaid,True,,1,0.0,False
SUB000954,CUST000317,PLAN000013,2023-11-03,2024-02-10,Cancelled,Prepaid,True,0097779922496,4,0.0,False
SUB000955,CUST000301,PLAN000075,2020-12-05,2023-08-06,Cancelled,Prepaid,False,,1,0.0,True
SUB000956,CUST000717,PLAN000215,2020-09-29,,Active,Prepaid,False,,1,50.0,False
SUB000957,CUST000341,PLAN000361,2021-09-01,,Active,Prepaid,True,,3,50.0,False
SUB000958,CUST000576,PLAN000872,2022-04-09,,Active,Prepaid,True,,1,0.0,False
SUB000959,CUST000638,PLAN000798,2025-10-13,2025-10-15,Suspended,Prepaid,True,,2,100.0,False
SUB000960,CUST000584,PLAN000225,2023-02-03,,Active,Postpaid,False,1121499997664,4,0.0,True
SUB000961,CUST000884,PLAN000687,2022-03-07,,Active,Postpaid,False,,1,0.0,False
SUB000962,CUST000921,PLAN000983,2021-11-23,,Active,Prepaid,False,,2,10.0,False
SUB000963,CUST000140,PLAN000941,2023-12-12,2023-12-17,Cancelled,Postpaid,False,,1,0.0,False
SUB000964,CUST000967,PLAN000064,2024-09-30,,Active,Postpaid,False,,1,0.0,True
SUB000965,CUST000439,PLAN000879,2021-04-17,,Active,Postpaid,True,,2,0.0,True
SUB000966,CUST000672,PLAN000391,2020-04-10,2021-10-31,Expired,Prepaid,False,,2,5.0,True
SUB000967,CUST000733,PLAN000121,2020-08-31,,Active,Postpaid,False,8593119764047,1,0.0,True
SUB000968,CUST000955,PLAN000996,2021-05-05,,Active,Prepaid,True,,1,25.0,False
SUB000969,CUST000966,PLAN000145,2023-11-26,,Active,Postpaid,True,,4,0.0,True
SUB000970,CUST000588,PLAN000144,2022-05-26,,Active,Postpaid,False,,3,0.0,False
SUB000971,CUST000930,PLAN000159,2021-06-04,2024-07-02,Suspended,Prepaid,False,4827005811093,2,0.0,False
SUB000972,CUST000095,PLAN000246,2022-11-29,,Active,Postpaid,True,,1,0.0,False
SUB000973,CUST000109,PLAN000638,2023-01-28,,Active,Postpaid,False,5508294264476,1,0.0,False
SUB000974,CUST000970,PLAN000042,2025-07-18,,Active,Postpaid,False,,3,0.0,False
SUB000975,CUST000683,PLAN000162,2024-09-23,2025-10-04,Suspended,Prepaid,True,,1,5.0,False
SUB000976,CUST000537,PLAN000034,2020-12-13,,Active,Postpaid,False,,2,0.0,False
SUB000977,CUST000587,PLAN000236,2025-08-07,,Active,Postpaid,True,4003209349990,1,0.0,False
SUB000978,CUST000061,PLAN000039,2022-12-20,,Active,Postpaid,True,,1,0.0,False
SUB000979,CUST000859,PLAN000820,2024-05-11,,Active,Postpaid,False,,2,0.0,False
SUB000980,CUST000553,PLAN000398,2022-10-07,2023-05-07,Expired,Prepaid,False,,2,10.0,False
SUB000981,CUST000637,PLAN000879,2024-09-03,2025-05-12,Suspended,Prepaid,True,,3,25.0,True
SUB000982,CUST000375,PLAN000859,2020-01-17,,Active,Prepaid,False,,4,5.0,False
SUB000983,CUST000685,PLAN000536,2024-12-21,,Active,Prepaid,False,9735003280992,1,25.0,True
SUB000984,CUST000860,PLAN000008,2025-01-26,,Active,Prepaid,False,,1,50.0,True
SUB000985,CUST000781,PLAN000468,2020-08-01,2024-04-11,Suspended,Prepaid,True,3789118481491,1,0.0,False
SUB000986,CUST000768,PLAN000598,2023-06-08,,Active,Postpaid,False,,3,0.0,False
SUB000987,CUST000202,PLAN000505,2021-08-29,,Active,Postpaid,False,,2,0.0,False
SUB000988,CUST000298,PLAN000041,2025-09-19,2025-10-13,Expired,Postpaid,True,7526327812487,2,0.0,False
SUB000989,CUST000392,PLAN000518,2024-05-04,2025-05-14,Cancelled,Postpaid,False,,3,0.0,False
SUB000990,CUST000062,PLAN000780,2023-03-30,,Active,Prepaid,False,,4,0.0,False
SUB000991,CUST000573,PLAN000256,2020-04-05,,Active,Postpaid,False,,1,0.0,False
SUB000992,CUST000381,PLAN000943,2021-09-16,,Active,Prepaid,False,,2,50.0,False
SUB000993,CUST000135,PLAN000326,2025-02-05,,Active,Prepaid,False,,3,0.0,False
SUB000994,CUST000170,PLAN000094,2025-06-22,,Active,Prepaid,False,,4,0.0,True
SUB000995,CUST000541,PLAN000811,2024-05-10,2024-12-30,Suspended,Postpaid,True,,1,0.0,False
SUB000996,CUST000581,PLAN000598,2020-08-28,,Active,Prepaid,True,,2,100.0,False
SUB000997,CUST000698,PLAN000054,2020-01-21,,Active,Postpaid,False,,4,0.0,True
SUB000998,CUST000173,PLAN000116,2020-12-11,,Active,Prepaid,False,,1,10.0,False
SUB000999,CUST000252,PLAN000351,2021-08-17,,Active,Prepaid,True,,1,0.0,False
SUB001000,CUST000384,PLAN000161,2024-11-09,,Active,Prepaid,False,,4,5.0,True
